Jun 10 05:41:45 vps python3[593361]: 2026-06-10 05:41:45,388 [WARNING] strategy.weather_arb: [MAKER-FILL] registered Karachi YES 690352492121 +6.8 @ 0.1000 (cond=0x374f05e7)
Jun 10 08:07:50 vps python3[635090]: 2026-06-10 08:07:50,454 [WARNING] strategy.weather_arb: [MAKER-FILL] registered San Francisco NO 325354024684 +6.0 @ 0.9700 (cond=0x637927ae)
Jun 10 08:07:51 vps python3[635090]: 2026-06-10 08:07:51,417 [WARNING] strategy.weather_arb: [USER-WS] UNTRACKED FILL: token=3040356565921535 side=BUY price=0.03 size=33.333332 status=MINED trader_side=MAKER — no tracker entry, no open position
Jun 10 08:07:56 vps python3[635090]: 2026-06-10 08:07:56,665 [WARNING] strategy.weather_arb: [USER-WS] UNTRACKED FILL: token=3040356565921535 side=BUY price=0.03 size=33.333332 status=CONFIRMED trader_side=MAKER — no tracker entry, no open position
Jun 10 09:27:02 vps python3[643500]: 2026-06-10 09:27:02,838 [WARNING] strategy.weather_arb: [MAKER-FILL] registered Munich YES 301073453423 +10.8 @ 0.2800 (cond=0x61c876e9)
Jun 10 09:27:04 vps python3[643500]: 2026-06-10 09:27:04,914 [WARNING] strategy.weather_arb: [USER-WS] UNTRACKED FILL: token=3344720038441847 side=BUY price=0.72 size=12.54 status=MINED trader_side=MAKER — no tracker entry, no open position
Jun 10 09:27:11 vps python3[643500]: 2026-06-10 09:27:11,040 [WARNING] strategy.weather_arb: [USER-WS] UNTRACKED FILL: token=3344720038441847 side=BUY price=0.72 size=12.54 status=CONFIRMED trader_side=MAKER — no tracker entry, no open position
Jun 10 09:28:47 vps python3[643500]: 2026-06-10 09:28:47,707 [WARNING] strategy.weather_arb: [MAKER-FILL] registered Munich YES 725302538438 +6.4 @ 0.1400 (cond=0xed3a88e8)
Jun 10 09:46:14 vps python3[643500]: 2026-06-10 09:46:14,720 [WARNING] strategy.weather_arb: [MAKER-FILL] +8.6 maker sh @ 0.1400 → Munich NO 725302538438 now shares=15.0 entry=0.1400
Jun 10 10:34:33 vps python3[643500]: 2026-06-10 10:34:33,476 [WARNING] strategy.weather_arb: [MAKER-FILL] registered San Francisco YES 399827619094 +12.0 @ 0.1000 (cond=0x944ec824)
Jun 10 10:34:38 vps python3[643500]: 2026-06-10 10:34:38,941 [WARNING] strategy.weather_arb: [USER-WS] UNTRACKED FILL: token=6779520848990344 side=BUY price=0.9 size=22 status=CONFIRMED trader_side=MAKER — no tracker entry, no open position
Jun 10 12:20:05 vps python3[643500]: 2026-06-10 12:20:05,614 [WARNING] strategy.weather_arb: [MAKER-FILL] registered Moscow YES 252917808785 +2.5 @ 0.1900 (cond=0xd3de8f10)
Jun 10 13:08:39 vps python3[643500]: 2026-06-10 13:08:39,461 [WARNING] strategy.weather_arb: [USER-WS] UNTRACKED FILL: token=3253540246844643 side=BUY price=0.987 size=667.67 status=MINED trader_side=MAKER — no tracker entry, no open position
Jun 10 13:08:46 vps python3[643500]: 2026-06-10 13:08:46,149 [WARNING] strategy.weather_arb: [USER-WS] UNTRACKED FILL: token=3253540246844643 side=BUY price=0.987 size=667.67 status=CONFIRMED trader_side=MAKER — no tracker entry, no open position
Jun 10 13:10:06 vps python3[643500]: 2026-06-10 13:10:06,698 [WARNING] strategy.weather_arb: [USER-WS] UNTRACKED FILL: token=7599976480050843 side=BUY price=0.14 size=5 status=MATCHED trader_side=TAKER — no tracker entry, no open position
Jun 10 13:10:08 vps python3[643500]: 2026-06-10 13:10:08,782 [WARNING] strategy.weather_arb: [USER-WS] UNTRACKED FILL: token=7599976480050843 side=BUY price=0.14 size=5 status=MINED trader_side=TAKER — no tracker entry, no open position
Jun 10 13:10:14 vps python3[643500]: 2026-06-10 13:10:14,293 [WARNING] strategy.weather_arb: [USER-WS] UNTRACKED FILL: token=7599976480050843 side=BUY price=0.14 size=5 status=CONFIRMED trader_side=TAKER — no tracker entry, no open position
Jun 10 13:41:39 vps python3[643500]: 2026-06-10 13:41:39,886 [WARNING] strategy.weather_arb: [MAKER-FILL] registered San Francisco YES 846717856940 +3.4 @ 0.2800 (cond=0x6a2b7c60)
Jun 10 13:48:45 vps python3[643500]: 2026-06-10 13:48:45,095 [WARNING] strategy.weather_arb: [MAKER-FILL] +7.3 maker sh @ 0.2800 → San Francisco NO 846717856940 now shares=10.8 entry=0.2800
Jun 10 14:39:37 vps python3[643500]: 2026-06-10 14:39:37,814 [WARNING] strategy.weather_arb: [MAKER-FILL] registered Qingdao YES 960272632072 +2.4 @ 0.1500 (cond=0x409f2940)
Jun 10 14:53:49 vps python3[643500]: 2026-06-10 14:53:49,915 [WARNING] strategy.weather_arb: [MAKER-FILL] +5.0 maker sh @ 0.1500 → Qingdao NO 960272632072 now shares=7.4 entry=0.1500
Jun 10 16:12:23 vps python3[643500]: 2026-06-10 16:12:23,730 [WARNING] strategy.weather_arb: [MAKER-FILL] registered Qingdao YES 114146852687 +5.0 @ 0.2700 (cond=0x14445468)
Jun 10 16:12:23 vps python3[643500]: 2026-06-10 16:12:23,784 [WARNING] strategy.weather_arb: [MAKER-FILL] +0.6 maker sh @ 0.1500 → Qingdao NO 960272632072 now shares=8.0 entry=0.1500
Jun 10 16:12:27 vps python3[643500]: 2026-06-10 16:12:27,571 [WARNING] strategy.weather_arb: [USER-WS] UNTRACKED FILL: token=7006833411101741 side=BUY price=0.86 size=5 status=CONFIRMED trader_side=MAKER — no tracker entry, no open position
Jun 10 16:47:55 vps python3[643500]: 2026-06-10 16:47:55,398 [WARNING] strategy.weather_arb: [MAKER-FILL] registered Jeddah YES 166669334362 +12.0 @ 0.2700 (cond=0x73735277)
Jun 10 16:47:56 vps python3[643500]: 2026-06-10 16:47:56,357 [WARNING] strategy.weather_arb: [USER-WS] UNTRACKED FILL: token=7272483028074240 side=BUY price=0.73 size=19.054792 status=MATCHED trader_side=MAKER — no tracker entry, no open position
Jun 10 16:47:56 vps python3[643500]: 2026-06-10 16:47:56,358 [WARNING] strategy.weather_arb: [USER-WS] UNTRACKED FILL: token=7272483028074240 side=BUY price=0.73 size=6 status=MINED trader_side=MAKER — no tracker entry, no open position
Jun 10 16:47:56 vps python3[643500]: 2026-06-10 16:47:56,359 [WARNING] strategy.weather_arb: [USER-WS] UNTRACKED FILL: token=7272483028074240 side=BUY price=0.73 size=19.054792 status=MINED trader_side=MAKER — no tracker entry, no open position
Jun 10 16:47:56 vps python3[643500]: 2026-06-10 16:47:56,362 [WARNING] strategy.weather_arb: [USER-WS] UNTRACKED FILL: token=7272483028074240 side=BUY price=0.73 size=6 status=CONFIRMED trader_side=MAKER — no tracker entry, no open position
Jun 10 16:47:56 vps python3[643500]: 2026-06-10 16:47:56,364 [WARNING] strategy.weather_arb: [USER-WS] UNTRACKED FILL: token=7272483028074240 side=BUY price=0.73 size=19.054792 status=CONFIRMED trader_side=MAKER — no tracker entry, no open position
Jun 10 17:46:23 vps python3[643500]: 2026-06-10 17:46:23,427 [WARNING] strategy.weather_arb: [USER-WS] UNTRACKED FILL: token=9491614325884806 side=SELL price=0.998 size=34 status=MATCHED trader_side=TAKER — no tracker entry, no open position
Jun 10 17:46:25 vps python3[643500]: 2026-06-10 17:46:25,420 [WARNING] strategy.weather_arb: [USER-WS] UNTRACKED FILL: token=9491614325884806 side=SELL price=0.998 size=34 status=MINED trader_side=TAKER — no tracker entry, no open position
Jun 10 17:46:30 vps python3[643500]: 2026-06-10 17:46:30,625 [WARNING] strategy.weather_arb: [USER-WS] UNTRACKED FILL: token=9491614325884806 side=SELL price=0.998 size=34 status=CONFIRMED trader_side=TAKER — no tracker entry, no open position
Jun 10 17:51:08 vps python3[643500]: 2026-06-10 17:51:08,110 [WARNING] strategy.weather_arb: [MAKER-FILL] registered Karachi YES 880743701414 +10.0 @ 0.3300 (cond=0xa2b2395b)
Jun 10 17:51:08 vps python3[643500]: 2026-06-10 17:51:08,238 [WARNING] strategy.weather_arb: [USER-WS] UNTRACKED FILL: token=6901073123139244 side=BUY price=0.67 size=10 status=MINED trader_side=MAKER — no tracker entry, no open position
Jun 10 17:51:11 vps python3[643500]: 2026-06-10 17:51:11,158 [WARNING] strategy.weather_arb: [USER-WS] UNTRACKED FILL: token=6901073123139244 side=BUY price=0.67 size=10 status=CONFIRMED trader_side=MAKER — no tracker entry, no open position
Jun 10 18:26:36 vps python3[643500]: 2026-06-10 18:26:36,384 [WARNING] strategy.weather_arb: [MAKER-FILL] registered Karachi YES 485632035778 +12.0 @ 0.1800 (cond=0x2d72382a)
Jun 10 18:51:57 vps python3[643500]: 2026-06-10 18:51:57,722 [WARNING] strategy.weather_arb: [MAKER-FILL] registered Taipei YES 515220646691 +5.0 @ 0.2400 (cond=0x4bab89e3)
Jun 10 18:52:55 vps python3[643500]: 2026-06-10 18:52:55,939 [WARNING] strategy.weather_arb: [MAKER-FILL] +7.5 maker sh @ 0.2400 → Taipei NO 515220646691 now shares=12.5 entry=0.2400
Jun 10 18:52:56 vps python3[643500]: 2026-06-10 18:52:56,732 [WARNING] strategy.weather_arb: [USER-WS] UNTRACKED FILL: token=9705441837148339 side=BUY price=0.76 size=7.5 status=MINED trader_side=MAKER — no tracker entry, no open position
Jun 10 18:53:02 vps python3[643500]: 2026-06-10 18:53:02,040 [WARNING] strategy.weather_arb: [USER-WS] UNTRACKED FILL: token=9705441837148339 side=BUY price=0.76 size=7.5 status=CONFIRMED trader_side=MAKER — no tracker entry, no open position
Jun 10 19:01:25 vps python3[643500]: 2026-06-10 19:01:25,423 [WARNING] strategy.weather_arb: [MAKER-FILL] registered Karachi YES 111138921826 +3.0 @ 0.1100 (cond=0xfffb0675)
Jun 10 19:04:03 vps python3[643500]: 2026-06-10 19:04:03,893 [WARNING] strategy.weather_arb: [MAKER-FILL] +5.3 maker sh @ 0.1100 → Karachi NO 111138921826 now shares=8.3 entry=0.1100
Jun 10 19:19:49 vps python3[643500]: 2026-06-10 19:19:49,345 [WARNING] strategy.weather_arb: [MAKER-FILL] +1.8 maker sh @ 0.1100 → Karachi NO 111138921826 now shares=10.1 entry=0.1100
Jun 10 19:19:53 vps python3[643500]: 2026-06-10 19:19:53,906 [WARNING] strategy.weather_arb: [MAKER-FILL] +5.6 maker sh @ 0.1100 → Karachi NO 111138921826 now shares=15.7 entry=0.1100
Jun 10 19:19:55 vps python3[643500]: 2026-06-10 19:19:55,908 [WARNING] strategy.weather_arb: [MAKER-FILL] +1.2 maker sh @ 0.1100 → Karachi NO 111138921826 now shares=16.9 entry=0.1100
Jun 10 19:19:57 vps python3[643500]: 2026-06-10 19:19:57,670 [WARNING] strategy.weather_arb: [MAKER-FILL] +1.1 maker sh @ 0.1100 → Karachi NO 111138921826 now shares=18.0 entry=0.1100
Jun 10 19:20:05 vps python3[643500]: 2026-06-10 19:20:05,623 [WARNING] strategy.weather_arb: [MAKER-FILL] +2.0 maker sh @ 0.1100 → Karachi NO 111138921826 now shares=20.0 entry=0.1100
Jun 10 19:20:05 vps python3[643500]: 2026-06-10 19:20:05,902 [WARNING] strategy.weather_arb: [USER-WS] UNTRACKED FILL: token=1095564831144137 side=BUY price=0.89 size=1.12359 status=CONFIRMED trader_side=MAKER — no tracker entry, no open position
Jun 10 19:20:06 vps python3[643500]: 2026-06-10 19:20:06,922 [WARNING] strategy.weather_arb: [USER-WS] UNTRACKED FILL: token=1095564831144137 side=BUY price=0.89 size=29.99 status=MINED trader_side=MAKER — no tracker entry, no open position
Jun 10 19:20:12 vps python3[643500]: 2026-06-10 19:20:12,551 [WARNING] strategy.weather_arb: [USER-WS] UNTRACKED FILL: token=1095564831144137 side=BUY price=0.89 size=29.99 status=CONFIRMED trader_side=MAKER — no tracker entry, no open position
Jun 10 21:11:12 vps python3[643500]: 2026-06-10 21:11:12,994 [WARNING] strategy.weather_arb: [USER-WS] UNTRACKED FILL: token=4980399804334219 side=BUY price=0.23 size=10 status=MATCHED trader_side=TAKER — no tracker entry, no open position
Jun 10 21:11:15 vps python3[643500]: 2026-06-10 21:11:15,163 [WARNING] strategy.weather_arb: [USER-WS] UNTRACKED FILL: token=4980399804334219 side=BUY price=0.23 size=10 status=MINED trader_side=TAKER — no tracker entry, no open position
Jun 10 21:11:20 vps python3[643500]: 2026-06-10 21:11:20,252 [WARNING] strategy.weather_arb: [USER-WS] UNTRACKED FILL: token=4980399804334219 side=BUY price=0.23 size=10 status=CONFIRMED trader_side=TAKER — no tracker entry, no open position
Jun 10 21:50:28 vps python3[706064]: 2026-06-10 21:50:28,064 [WARNING] strategy.weather_arb: [MAKER-FILL] registered Denver NO 282765580215 +5.0 @ 0.7400 (cond=0x2d0f2988)
Jun 10 21:50:31 vps python3[706064]: 2026-06-10 21:50:31,546 [WARNING] strategy.weather_arb: [USER-WS] UNTRACKED FILL: token=1015020933210939 side=BUY price=0.26 size=5 status=MINED trader_side=MAKER — no tracker entry, no open position
Jun 10 21:50:35 vps python3[706064]: 2026-06-10 21:50:35,531 [WARNING] strategy.weather_arb: [USER-WS] UNTRACKED FILL: token=1015020933210939 side=BUY price=0.26 size=5 status=CONFIRMED trader_side=MAKER — no tracker entry, no open position
Jun 10 22:00:09 vps python3[706064]: 2026-06-10 22:00:09,086 [WARNING] strategy.weather_arb: [MAKER-FILL] registered Seoul NO 284556449617 +2.6 @ 0.6100 (cond=0xcdfb0fbf)
Jun 10 22:02:22 vps python3[706064]: 2026-06-10 22:02:22,270 [WARNING] strategy.weather_arb: [MAKER-FILL] +2.4 maker sh @ 0.6100 → Seoul NO 284556449617 now shares=5.0 entry=0.6100
Jun 10 22:02:23 vps python3[706064]: 2026-06-10 22:02:23,747 [WARNING] strategy.weather_arb: [USER-WS] UNTRACKED FILL: token=4027701589029745 side=BUY price=0.39 size=20.43 status=MINED trader_side=MAKER — no tracker entry, no open position
Jun 10 22:02:29 vps python3[706064]: 2026-06-10 22:02:29,845 [WARNING] strategy.weather_arb: [USER-WS] UNTRACKED FILL: token=4027701589029745 side=BUY price=0.39 size=20.43 status=CONFIRMED trader_side=MAKER — no tracker entry, no open position
Jun 11 00:08:20 vps python3[706064]: 2026-06-11 00:08:20,210 [WARNING] strategy.weather_arb: [MAKER-FILL] registered Tokyo NO 966944945109 +6.0 @ 0.9700 (cond=0xe65e54fe)
Jun 11 00:08:21 vps python3[706064]: 2026-06-11 00:08:21,623 [WARNING] strategy.weather_arb: [USER-WS] UNTRACKED FILL: token=6668204196333077 side=BUY price=0.023 size=42.588234 status=MINED trader_side=MAKER — no tracker entry, no open position
Jun 11 00:08:28 vps python3[706064]: 2026-06-11 00:08:28,871 [WARNING] strategy.weather_arb: [USER-WS] UNTRACKED FILL: token=6668204196333077 side=BUY price=0.023 size=42.588234 status=CONFIRMED trader_side=MAKER — no tracker entry, no open position
Jun 11 00:10:50 vps python3[706064]: 2026-06-11 00:10:50,129 [WARNING] strategy.weather_arb: [MAKER-FILL] registered Seoul NO 840462780363 +5.0 @ 0.6900 (cond=0x9a63cdfb)
Jun 11 00:10:51 vps python3[706064]: 2026-06-11 00:10:51,575 [WARNING] strategy.weather_arb: [USER-WS] UNTRACKED FILL: token=5968673863743357 side=BUY price=0.31 size=50 status=MINED trader_side=MAKER — no tracker entry, no open position
Jun 11 00:10:58 vps python3[706064]: 2026-06-11 00:10:58,052 [WARNING] strategy.weather_arb: [USER-WS] UNTRACKED FILL: token=5968673863743357 side=BUY price=0.31 size=50 status=CONFIRMED trader_side=MAKER — no tracker entry, no open position
Jun 11 01:14:23 vps python3[706064]: 2026-06-11 01:14:23,708 [WARNING] strategy.weather_arb: [USER-WS] UNTRACKED FILL: token=2827655802153395 side=BUY price=0.99 size=100 status=MINED trader_side=MAKER — no tracker entry, no open position
Jun 11 01:14:28 vps python3[706064]: 2026-06-11 01:14:28,365 [WARNING] strategy.weather_arb: [USER-WS] UNTRACKED FILL: token=2827655802153395 side=BUY price=0.99 size=100 status=CONFIRMED trader_side=MAKER — no tracker entry, no open position
Jun 11 01:19:05 vps python3[706064]: 2026-06-11 01:19:05,349 [WARNING] strategy.weather_arb: [MAKER-FILL] registered Wellington NO 106387866371 +5.0 @ 0.7200 (cond=0x21afd116)
Jun 11 01:23:07 vps python3[706064]: 2026-06-11 01:23:07,473 [WARNING] strategy.weather_arb: [MAKER-FILL] registered Tokyo NO 559483129280 +4.3 @ 0.5400 (cond=0x2f377a8b)
Jun 11 01:23:19 vps python3[706064]: 2026-06-11 01:23:19,563 [WARNING] strategy.weather_arb: [MAKER-FILL] +0.6 maker sh @ 0.5400 → Tokyo NO 559483129280 now shares=5.0 entry=0.5400
Jun 11 01:23:21 vps python3[706064]: 2026-06-11 01:23:21,366 [WARNING] strategy.weather_arb: [USER-WS] UNTRACKED FILL: token=4011029607153881 side=BUY price=0.45 size=81.65 status=MINED trader_side=MAKER — no tracker entry, no open position
Jun 11 01:23:28 vps python3[706064]: 2026-06-11 01:23:28,228 [WARNING] strategy.weather_arb: [USER-WS] UNTRACKED FILL: token=4011029607153881 side=BUY price=0.45 size=81.65 status=CONFIRMED trader_side=MAKER — no tracker entry, no open position
Jun 11 01:45:07 vps python3[706064]: 2026-06-11 01:45:07,984 [WARNING] strategy.weather_arb: [MAKER-FILL] registered Chongqing YES 516809417197 +2.7 @ 0.2600 (cond=0xd1681949)
Jun 11 01:54:26 vps python3[706064]: 2026-06-11 01:54:26,564 [WARNING] strategy.weather_arb: [MAKER-FILL] registered Tokyo NO 410754363101 +6.0 @ 0.9900 (cond=0xcfde8023)
Jun 11 01:54:32 vps python3[706064]: 2026-06-11 01:54:32,432 [WARNING] strategy.weather_arb: [USER-WS] UNTRACKED FILL: token=3474716559563106 side=BUY price=0.01 size=237 status=CONFIRMED trader_side=MAKER — no tracker entry, no open position
Jun 11 03:31:11 vps python3[706064]: 2026-06-11 03:31:11,805 [WARNING] strategy.weather_arb: [MAKER-FILL] +9.3 maker sh @ 0.2600 → Chongqing NO 516809417197 now shares=12.0 entry=0.2600
Jun 11 03:35:16 vps python3[706064]: 2026-06-11 03:35:16,447 [WARNING] strategy.weather_arb: [USER-WS] UNTRACKED FILL: token=1063878663719522 side=BUY price=0.99 size=53.5 status=MINED trader_side=MAKER — no tracker entry, no open position
Jun 11 03:35:21 vps python3[706064]: 2026-06-11 03:35:21,590 [WARNING] strategy.weather_arb: [USER-WS] UNTRACKED FILL: token=1063878663719522 side=BUY price=0.99 size=53.5 status=CONFIRMED trader_side=MAKER — no tracker entry, no open position
Jun 11 04:15:12 vps python3[706064]: 2026-06-11 04:15:12,939 [WARNING] strategy.weather_arb: [MAKER-FILL] registered Qingdao YES 236885192425 +8.6 @ 0.3500 (cond=0xc6451e9c)
Jun 11 04:46:47 vps python3[706064]: 2026-06-11 04:46:47,479 [WARNING] strategy.weather_arb: [USER-WS] UNTRACKED FILL: token=3474716559563106 side=SELL price=0.001 size=673.51 status=MINED trader_side=MAKER — no tracker entry, no open position
Jun 11 04:46:54 vps python3[706064]: 2026-06-11 04:46:54,401 [WARNING] strategy.weather_arb: [USER-WS] UNTRACKED FILL: token=3474716559563106 side=SELL price=0.001 size=673.51 status=CONFIRMED trader_side=MAKER — no tracker entry, no open position
Jun 11 05:55:12 vps python3[706064]: 2026-06-11 05:55:12,133 [WARNING] strategy.weather_arb: [USER-WS] UNTRACKED FILL: token=4107543631014012 side=SELL price=0.998 size=1 status=MATCHED trader_side=TAKER — no tracker entry, no open position
Jun 11 05:55:14 vps python3[706064]: 2026-06-11 05:55:14,478 [WARNING] strategy.weather_arb: [USER-WS] UNTRACKED FILL: token=4107543631014012 side=SELL price=0.998 size=1 status=MINED trader_side=TAKER — no tracker entry, no open position
Jun 11 05:55:20 vps python3[706064]: 2026-06-11 05:55:20,923 [WARNING] strategy.weather_arb: [USER-WS] UNTRACKED FILL: token=4107543631014012 side=SELL price=0.998 size=1 status=CONFIRMED trader_side=TAKER — no tracker entry, no open position
Jun 11 06:20:10 vps python3[706064]: 2026-06-11 06:20:10,618 [WARNING] strategy.weather_arb: [MAKER-FILL] registered Wuhan YES 514750829991 +9.0 @ 0.3400 (cond=0x6073b7ca)
Jun 11 06:20:12 vps python3[706064]: 2026-06-11 06:20:12,222 [WARNING] strategy.weather_arb: [USER-WS] UNTRACKED FILL: token=8888756468520689 side=BUY price=0.66 size=15.43 status=MINED trader_side=MAKER — no tracker entry, no open position
Jun 11 06:20:16 vps python3[706064]: 2026-06-11 06:20:16,842 [WARNING] strategy.weather_arb: [USER-WS] UNTRACKED FILL: token=8888756468520689 side=BUY price=0.66 size=15.43 status=CONFIRMED trader_side=MAKER — no tracker entry, no open position
Jun 11 06:20:22 vps python3[706064]: 2026-06-11 06:20:22,942 [WARNING] strategy.weather_arb: [USER-WS] UNTRACKED FILL: token=8404627803630902 side=BUY price=0.991 size=706.474075 status=MINED trader_side=MAKER — no tracker entry, no open position
Jun 11 06:20:28 vps python3[706064]: 2026-06-11 06:20:28,910 [WARNING] strategy.weather_arb: [USER-WS] UNTRACKED FILL: token=8404627803630902 side=BUY price=0.991 size=706.474075 status=CONFIRMED trader_side=MAKER — no tracker entry, no open position
Jun 11 06:37:15 vps python3[706064]: 2026-06-11 06:37:15,926 [WARNING] strategy.weather_arb: [MAKER-FILL] registered Ankara YES 356902596262 +7.0 @ 0.2900 (cond=0xd1166dec)
Jun 11 06:37:58 vps python3[706064]: 2026-06-11 06:37:58,468 [WARNING] strategy.weather_arb: [MAKER-FILL] registered San Francisco YES 547635583760 +9.0 @ 0.1400 (cond=0xf883f11c)
Jun 11 06:37:59 vps python3[706064]: 2026-06-11 06:37:59,978 [WARNING] strategy.weather_arb: [USER-WS] UNTRACKED FILL: token=1647369666231740 side=BUY price=0.86 size=23.255807 status=MINED trader_side=MAKER — no tracker entry, no open position
Jun 11 06:38:04 vps python3[706064]: 2026-06-11 06:38:04,922 [WARNING] strategy.weather_arb: [USER-WS] UNTRACKED FILL: token=1647369666231740 side=BUY price=0.86 size=23.255807 status=CONFIRMED trader_side=MAKER — no tracker entry, no open position
Jun 11 06:50:06 vps python3[706064]: 2026-06-11 06:50:06,381 [WARNING] strategy.weather_arb: [MAKER-FILL] +2.4 maker sh @ 0.2900 → Ankara NO 356902596262 now shares=9.4 entry=0.2900
Jun 11 06:50:15 vps python3[706064]: 2026-06-11 06:50:15,018 [WARNING] strategy.weather_arb: [MAKER-FILL] +1.6 maker sh @ 0.2900 → Ankara NO 356902596262 now shares=11.0 entry=0.2900
Jun 11 06:50:15 vps python3[706064]: 2026-06-11 06:50:15,182 [WARNING] strategy.weather_arb: [USER-WS] UNTRACKED FILL: token=5248154082170048 side=BUY price=0.71 size=2.380279 status=CONFIRMED trader_side=MAKER — no tracker entry, no open position
Jun 11 06:50:16 vps python3[706064]: 2026-06-11 06:50:16,491 [WARNING] strategy.weather_arb: [USER-WS] UNTRACKED FILL: token=5248154082170048 side=BUY price=0.71 size=7 status=MINED trader_side=MAKER — no tracker entry, no open position
Jun 11 06:50:25 vps python3[706064]: 2026-06-11 06:50:25,900 [WARNING] strategy.weather_arb: [USER-WS] UNTRACKED FILL: token=5248154082170048 side=BUY price=0.71 size=7 status=CONFIRMED trader_side=MAKER — no tracker entry, no open position
Jun 11 07:04:01 vps python3[706064]: 2026-06-11 07:04:01,779 [WARNING] strategy.weather_arb: [MAKER-FILL] registered Ankara YES 101577175110 +10.0 @ 0.1300 (cond=0x229997b8)
Jun 11 07:04:07 vps python3[706064]: 2026-06-11 07:04:07,520 [WARNING] strategy.weather_arb: [USER-WS] UNTRACKED FILL: token=1222204460025620 side=BUY price=0.894 size=20.85 status=CONFIRMED trader_side=MAKER — no tracker entry, no open position
Jun 11 07:08:11 vps python3[706064]: 2026-06-11 07:08:11,419 [WARNING] strategy.weather_arb: [MAKER-FILL] registered Chongqing YES 101488473853 +11.8 @ 0.1500 (cond=0xe00b2ac9)
Jun 11 07:14:59 vps python3[706064]: 2026-06-11 07:14:59,043 [WARNING] strategy.weather_arb: [USER-WS] UNTRACKED FILL: token=2368851924255628 side=BUY price=0.993 size=704.638 status=MINED trader_side=MAKER — no tracker entry, no open position
Jun 11 07:15:08 vps python3[706064]: 2026-06-11 07:15:08,074 [WARNING] strategy.weather_arb: [USER-WS] UNTRACKED FILL: token=2368851924255628 side=BUY price=0.993 size=704.638 status=CONFIRMED trader_side=MAKER — no tracker entry, no open position
Jun 11 07:41:25 vps python3[706064]: 2026-06-11 07:41:25,047 [WARNING] strategy.weather_arb: [USER-WS] UNTRACKED FILL: token=9669449451095750 side=BUY price=0.999 size=7.207206 status=MINED trader_side=MAKER — no tracker entry, no open position
Jun 11 07:41:28 vps python3[706064]: 2026-06-11 07:41:28,487 [WARNING] strategy.weather_arb: [USER-WS] UNTRACKED FILL: token=9669449451095750 side=BUY price=0.999 size=7.217216 status=CONFIRMED trader_side=MAKER — no tracker entry, no open position
Jun 11 07:41:30 vps python3[706064]: 2026-06-11 07:41:30,896 [WARNING] strategy.weather_arb: [USER-WS] UNTRACKED FILL: token=9669449451095750 side=BUY price=0.999 size=7.207206 status=CONFIRMED trader_side=MAKER — no tracker entry, no open position
Jun 11 08:03:56 vps python3[706064]: 2026-06-11 08:03:56,003 [WARNING] strategy.weather_arb: [USER-WS] UNTRACKED FILL: token=2368851924255628 side=SELL price=0.99 size=0.6 status=MATCHED trader_side=TAKER — no tracker entry, no open position
Jun 11 08:03:58 vps python3[706064]: 2026-06-11 08:03:58,029 [WARNING] strategy.weather_arb: [USER-WS] UNTRACKED FILL: token=2368851924255628 side=SELL price=0.99 size=0.6 status=MINED trader_side=TAKER — no tracker entry, no open position
Jun 11 08:04:04 vps python3[706064]: 2026-06-11 08:04:04,883 [WARNING] strategy.weather_arb: [USER-WS] UNTRACKED FILL: token=2368851924255628 side=SELL price=0.99 size=0.6 status=CONFIRMED trader_side=TAKER — no tracker entry, no open position
Jun 11 08:08:07 vps python3[706064]: 2026-06-11 08:08:07,673 [WARNING] strategy.weather_arb: [MAKER-FILL] +2.2 maker sh @ 0.1500 → Chongqing NO 101488473853 now shares=14.0 entry=0.1500
Jun 11 08:08:10 vps python3[706064]: 2026-06-11 08:08:10,556 [WARNING] strategy.weather_arb: [MAKER-FILL] registered Moscow YES 197324212126 +5.0 @ 0.2500 (cond=0xce63871e)
Jun 11 08:59:24 vps python3[706064]: 2026-06-11 08:59:24,228 [WARNING] strategy.weather_arb: [MAKER-FILL] registered Jeddah YES 693286067551 +6.0 @ 0.2000 (cond=0xe2976057)
Jun 11 08:59:24 vps python3[706064]: 2026-06-11 08:59:24,395 [WARNING] strategy.weather_arb: [USER-WS] UNTRACKED FILL: token=4910018792398231 side=BUY price=0.8 size=60.04 status=MINED trader_side=MAKER — no tracker entry, no open position
Jun 11 08:59:27 vps python3[706064]: 2026-06-11 08:59:27,576 [WARNING] strategy.weather_arb: [USER-WS] UNTRACKED FILL: token=4910018792398231 side=BUY price=0.8 size=60.04 status=CONFIRMED trader_side=MAKER — no tracker entry, no open position
Jun 11 10:31:00 vps python3[706064]: 2026-06-11 10:31:00,815 [WARNING] strategy.weather_arb: [USER-WS] UNTRACKED FILL: token=4856320357782069 side=BUY price=0.99 size=303.030302 status=MINED trader_side=MAKER — no tracker entry, no open position
Jun 11 10:31:02 vps python3[706064]: 2026-06-11 10:31:02,203 [WARNING] strategy.weather_arb: [USER-WS] UNTRACKED FILL: token=4856320357782069 side=BUY price=0.99 size=303.030302 status=CONFIRMED trader_side=MAKER — no tracker entry, no open position
Jun 11 10:39:11 vps python3[706064]: 2026-06-11 10:39:11,416 [WARNING] strategy.weather_arb: [MAKER-FILL] registered Wuhan YES 322498463682 +9.4 @ 0.3200 (cond=0xd3923212)
Jun 11 10:39:11 vps python3[706064]: 2026-06-11 10:39:11,501 [WARNING] strategy.weather_arb: [USER-WS] UNTRACKED FILL: token=8250687661566378 side=BUY price=0.68 size=14.705881 status=MINED trader_side=MAKER — no tracker entry, no open position
Jun 11 10:39:15 vps python3[706064]: 2026-06-11 10:39:15,519 [WARNING] strategy.weather_arb: [USER-WS] UNTRACKED FILL: token=8250687661566378 side=BUY price=0.68 size=14.705881 status=CONFIRMED trader_side=MAKER — no tracker entry, no open position
Jun 11 10:54:08 vps python3[706064]: 2026-06-11 10:54:08,111 [WARNING] strategy.weather_arb: [MAKER-FILL] registered Shanghai YES 540894966412 +6.5 @ 0.2500 (cond=0xa85312d6)
Jun 11 11:33:01 vps python3[774300]: 2026-06-11 11:33:01,043 [WARNING] strategy.weather_arb: [MAKER-FILL] +1.9 maker sh @ 0.2500 → Shanghai YES 540894966412 now shares=8.4 entry=0.2500
Jun 11 11:33:01 vps python3[774300]: 2026-06-11 11:33:01,924 [WARNING] strategy.weather_arb: [USER-WS] UNTRACKED FILL: token=7280893220120427 side=BUY price=0.76 size=6.57 status=MINED trader_side=MAKER — no tracker entry, no open position
Jun 11 11:33:07 vps python3[774300]: 2026-06-11 11:33:07,932 [WARNING] strategy.weather_arb: [USER-WS] UNTRACKED FILL: token=7280893220120427 side=BUY price=0.76 size=6.57 status=CONFIRMED trader_side=MAKER — no tracker entry, no open position
Jun 11 12:07:28 vps python3[777549]: 2026-06-11 12:07:28,348 [WARNING] strategy.weather_arb: [MAKER-FILL] registered Hong Kong NO 511981307697 +8.0 @ 0.5800 (cond=0x95f9cc66)
Jun 11 12:07:28 vps python3[777549]: 2026-06-11 12:07:28,933 [WARNING] strategy.weather_arb: [USER-WS] UNTRACKED FILL: token=3565543153201149 side=BUY price=0.42 size=8 status=MINED trader_side=MAKER — no tracker entry, no open position
Jun 11 12:07:35 vps python3[777549]: 2026-06-11 12:07:35,541 [WARNING] strategy.weather_arb: [USER-WS] UNTRACKED FILL: token=3565543153201149 side=BUY price=0.42 size=8 status=CONFIRMED trader_side=MAKER — no tracker entry, no open position
Jun 11 12:09:28 vps python3[777549]: 2026-06-11 12:09:28,596 [WARNING] strategy.weather_arb: [MAKER-FILL] registered Seoul NO 463018202855 +8.0 @ 0.6300 (cond=0x375b3965)
Jun 11 12:09:29 vps python3[777549]: 2026-06-11 12:09:29,466 [WARNING] strategy.weather_arb: [USER-WS] UNTRACKED FILL: token=1551794387337168 side=BUY price=0.37 size=10 status=MINED trader_side=MAKER — no tracker entry, no open position
Jun 11 12:09:35 vps python3[777549]: 2026-06-11 12:09:35,113 [WARNING] strategy.weather_arb: [USER-WS] UNTRACKED FILL: token=1551794387337168 side=BUY price=0.37 size=10 status=CONFIRMED trader_side=MAKER — no tracker entry, no open position
Jun 11 12:09:42 vps python3[777549]: 2026-06-11 12:09:42,182 [WARNING] strategy.weather_arb: [MAKER-FILL] registered Shanghai YES 903617537059 +5.0 @ 0.2700 (cond=0x053b544d)
Jun 11 12:34:57 vps python3[777549]: 2026-06-11 12:34:57,558 [WARNING] strategy.weather_arb: [MAKER-FILL] registered Shanghai NO 110512903594 +7.1 @ 0.6400 (cond=0xfacaeaf5)
Jun 11 12:34:57 vps python3[777549]: 2026-06-11 12:34:57,810 [WARNING] strategy.weather_arb: [USER-WS] UNTRACKED FILL: token=8435149888798038 side=BUY price=0.36 size=27.777776 status=MINED trader_side=MAKER — no tracker entry, no open position
Jun 11 12:35:00 vps python3[777549]: 2026-06-11 12:35:00,454 [WARNING] strategy.weather_arb: [USER-WS] UNTRACKED FILL: token=8435149888798038 side=BUY price=0.36 size=27.777776 status=CONFIRMED trader_side=MAKER — no tracker entry, no open position
Jun 11 12:46:12 vps python3[777549]: 2026-06-11 12:46:12,009 [WARNING] strategy.weather_arb: [MAKER-FILL] registered Shanghai YES 471132284774 +7.1 @ 0.1200 (cond=0x5f26123a)
Jun 11 12:51:06 vps python3[777549]: 2026-06-11 12:51:06,252 [WARNING] strategy.weather_arb: [MAKER-FILL] registered Beijing YES 631592662343 +8.0 @ 0.2100 (cond=0x2a4ef750)
Jun 11 12:56:04 vps python3[777549]: 2026-06-11 12:56:04,972 [WARNING] strategy.weather_arb: [MAKER-FILL] +7.0 maker sh @ 0.2100 → Beijing YES 631592662343 now shares=15.0 entry=0.2100
Jun 11 12:56:06 vps python3[777549]: 2026-06-11 12:56:06,626 [WARNING] strategy.weather_arb: [USER-WS] UNTRACKED FILL: token=5352277161195407 side=BUY price=0.79 size=7.949366 status=MINED trader_side=MAKER — no tracker entry, no open position
Jun 11 12:56:12 vps python3[777549]: 2026-06-11 12:56:12,815 [WARNING] strategy.weather_arb: [USER-WS] UNTRACKED FILL: token=5352277161195407 side=BUY price=0.79 size=7.949366 status=CONFIRMED trader_side=MAKER — no tracker entry, no open position
Jun 11 13:00:25 vps python3[777549]: 2026-06-11 13:00:25,279 [WARNING] strategy.weather_arb: [MAKER-FILL] registered San Francisco YES 221839646177 +9.4 @ 0.3200 (cond=0x5ada334b)
Jun 11 13:02:25 vps python3[777549]: 2026-06-11 13:02:25,866 [WARNING] strategy.weather_arb: [MAKER-FILL] registered Tokyo NO 860440700550 +7.0 @ 0.6500 (cond=0x23812dc2)
Jun 11 13:02:30 vps python3[777549]: 2026-06-11 13:02:30,476 [WARNING] strategy.weather_arb: [USER-WS] UNTRACKED FILL: token=9522038061416880 side=BUY price=0.35 size=8.571427 status=CONFIRMED trader_side=MAKER — no tracker entry, no open position
Jun 11 13:09:21 vps python3[777549]: 2026-06-11 13:09:21,167 [WARNING] strategy.weather_arb: [MAKER-FILL] registered Beijing NO 396575537831 +5.9 @ 0.6700 (cond=0x9cb0618f)
Jun 11 13:14:44 vps python3[777549]: 2026-06-11 13:14:44,857 [WARNING] strategy.weather_arb: [MAKER-FILL] +1.1 maker sh @ 0.6700 → Beijing NO 396575537831 now shares=7.0 entry=0.6700
Jun 11 13:14:45 vps python3[777549]: 2026-06-11 13:14:45,729 [WARNING] strategy.weather_arb: [USER-WS] UNTRACKED FILL: token=3572437726808869 side=BUY price=0.34 size=2.95457 status=MINED trader_side=MAKER — no tracker entry, no open position
Jun 11 13:14:52 vps python3[777549]: 2026-06-11 13:14:52,150 [WARNING] strategy.weather_arb: [USER-WS] UNTRACKED FILL: token=3572437726808869 side=BUY price=0.34 size=2.95457 status=CONFIRMED trader_side=MAKER — no tracker entry, no open position
Jun 11 13:21:13 vps python3[786811]: 2026-06-11 13:21:13,062 [WARNING] strategy.weather_arb: [MAKER-FILL] registered London NO 581541931412 +7.0 @ 0.8100 (cond=0xa9481c95)
Jun 11 13:21:13 vps python3[786811]: 2026-06-11 13:21:13,470 [WARNING] strategy.weather_arb: [USER-WS] UNTRACKED FILL: token=4957811154367527 side=BUY price=0.22 size=132.98 status=MINED trader_side=MAKER — no tracker entry, no open position
Jun 11 13:21:19 vps python3[786811]: 2026-06-11 13:21:19,247 [WARNING] strategy.weather_arb: [USER-WS] UNTRACKED FILL: token=4957811154367527 side=BUY price=0.22 size=132.98 status=CONFIRMED trader_side=MAKER — no tracker entry, no open position
Jun 11 13:23:57 vps python3[786811]: 2026-06-11 13:23:57,066 [WARNING] strategy.weather_arb: [MAKER-FILL] registered Singapore NO 177894220308 +2.0 @ 0.5400 (cond=0x5ed07f68)
Jun 11 13:25:19 vps python3[786811]: 2026-06-11 13:25:19,857 [WARNING] strategy.weather_arb: [MAKER-FILL] registered London NO 109351109504 +5.5 @ 0.9800 (cond=0x7c7c11fb)
Jun 11 13:25:20 vps python3[786811]: 2026-06-11 13:25:20,322 [WARNING] strategy.weather_arb: [USER-WS] UNTRACKED FILL: token=1099482489149474 side=BUY price=0.021 size=46.543478 status=MINED trader_side=MAKER — no tracker entry, no open position
Jun 11 13:25:26 vps python3[786811]: 2026-06-11 13:25:26,182 [WARNING] strategy.weather_arb: [USER-WS] UNTRACKED FILL: token=1099482489149474 side=BUY price=0.021 size=46.543478 status=CONFIRMED trader_side=MAKER — no tracker entry, no open position
Jun 11 13:48:55 vps python3[786811]: 2026-06-11 13:48:55,313 [WARNING] strategy.weather_arb: [MAKER-FILL] +3.9 maker sh @ 0.5400 → Singapore NO 177894220308 now shares=5.9 entry=0.5400
Jun 11 13:49:00 vps python3[786811]: 2026-06-11 13:49:00,583 [WARNING] strategy.weather_arb: [MAKER-FILL] +10.4 maker sh @ 0.1200 → Shanghai YES 471132284774 now shares=17.5 entry=0.1200
Jun 11 13:49:01 vps python3[786811]: 2026-06-11 13:49:01,008 [WARNING] strategy.weather_arb: [USER-WS] UNTRACKED FILL: token=2268908342257286 side=BUY price=0.88 size=22.11 status=MATCHED trader_side=MAKER — no tracker entry, no open position
Jun 11 13:49:01 vps python3[786811]: 2026-06-11 13:49:01,653 [WARNING] strategy.weather_arb: [USER-WS] UNTRACKED FILL: token=2268908342257286 side=BUY price=0.88 size=22.11 status=MINED trader_side=MAKER — no tracker entry, no open position
Jun 11 13:49:06 vps python3[786811]: 2026-06-11 13:49:06,578 [WARNING] strategy.weather_arb: [USER-WS] UNTRACKED FILL: token=2268908342257286 side=BUY price=0.88 size=22.11 status=CONFIRMED trader_side=MAKER — no tracker entry, no open position
Jun 11 13:49:28 vps python3[786811]: 2026-06-11 13:49:28,206 [WARNING] strategy.weather_arb: [MAKER-FILL] +7.0 maker sh @ 0.2700 → Shanghai YES 903617537059 now shares=12.0 entry=0.2700
Jun 11 13:49:30 vps python3[786811]: 2026-06-11 13:49:30,007 [WARNING] strategy.weather_arb: [USER-WS] UNTRACKED FILL: token=3043370342674437 side=BUY price=0.73 size=7 status=MINED trader_side=MAKER — no tracker entry, no open position
Jun 11 13:49:36 vps python3[786811]: 2026-06-11 13:49:36,455 [WARNING] strategy.weather_arb: [USER-WS] UNTRACKED FILL: token=3043370342674437 side=BUY price=0.73 size=7 status=CONFIRMED trader_side=MAKER — no tracker entry, no open position
Jun 11 14:00:34 vps python3[786811]: 2026-06-11 14:00:34,560 [WARNING] strategy.weather_arb: [MAKER-FILL] registered Wuhan NO 416906108827 +2.1 @ 0.5900 (cond=0x706f211f)
Jun 11 14:05:44 vps python3[786811]: 2026-06-11 14:05:44,197 [WARNING] strategy.weather_arb: [MAKER-FILL] +2.6 maker sh @ 0.5400 → Singapore NO 177894220308 now shares=8.5 entry=0.5400
Jun 11 14:05:44 vps python3[786811]: 2026-06-11 14:05:44,505 [WARNING] strategy.weather_arb: [USER-WS] UNTRACKED FILL: token=3343016738954794 side=BUY price=0.46 size=10.853616 status=MINED trader_side=MAKER — no tracker entry, no open position
Jun 11 14:05:50 vps python3[786811]: 2026-06-11 14:05:50,051 [WARNING] strategy.weather_arb: [USER-WS] UNTRACKED FILL: token=3343016738954794 side=BUY price=0.46 size=10.853616 status=CONFIRMED trader_side=MAKER — no tracker entry, no open position
Jun 11 14:14:42 vps python3[786811]: 2026-06-11 14:14:42,547 [WARNING] strategy.weather_arb: [MAKER-FILL] registered Madrid NO 313305297405 +5.6 @ 0.9000 (cond=0x26379399)
Jun 11 14:14:43 vps python3[786811]: 2026-06-11 14:14:43,153 [WARNING] strategy.weather_arb: [USER-WS] UNTRACKED FILL: token=3495698355290136 side=BUY price=0.1 size=86.76 status=MINED trader_side=MAKER — no tracker entry, no open position
Jun 11 14:14:48 vps python3[786811]: 2026-06-11 14:14:48,726 [WARNING] strategy.weather_arb: [USER-WS] UNTRACKED FILL: token=3495698355290136 side=BUY price=0.1 size=86.76 status=CONFIRMED trader_side=MAKER — no tracker entry, no open position
Jun 11 14:42:23 vps python3[786811]: 2026-06-11 14:42:23,925 [WARNING] strategy.weather_arb: [MAKER-FILL] +5.9 maker sh @ 0.5900 → Wuhan NO 416906108827 now shares=8.0 entry=0.5900
Jun 11 14:48:06 vps python3[786811]: 2026-06-11 14:48:06,226 [WARNING] strategy.weather_arb: [MAKER-FILL] registered Madrid NO 990650089489 +5.5 @ 0.9800 (cond=0x6502c551)
Jun 11 14:48:06 vps python3[786811]: 2026-06-11 14:48:06,592 [WARNING] strategy.weather_arb: [USER-WS] UNTRACKED FILL: token=1046319594289830 side=BUY price=0.019 size=21.5 status=MINED trader_side=MAKER — no tracker entry, no open position
Jun 11 14:48:06 vps python3[786811]: 2026-06-11 14:48:06,593 [WARNING] strategy.weather_arb: [USER-WS] UNTRACKED FILL: token=1046319594289830 side=BUY price=0.019 size=21.5 status=CONFIRMED trader_side=MAKER — no tracker entry, no open position
Jun 11 14:57:17 vps python3[786811]: 2026-06-11 14:57:17,801 [WARNING] strategy.weather_arb: [MAKER-FILL] registered Moscow YES 250028985226 +5.0 @ 0.1800 (cond=0xd0b887a8)
Jun 11 15:01:24 vps python3[786811]: 2026-06-11 15:01:24,838 [WARNING] strategy.weather_arb: [MAKER-FILL] registered Madrid NO 167926762444 +6.7 @ 0.5500 (cond=0x901c0dc3)
Jun 11 15:07:20 vps python3[786811]: 2026-06-11 15:07:20,509 [WARNING] strategy.weather_arb: [MAKER-FILL] +1.5 maker sh @ 0.5500 → Madrid NO 167926762444 now shares=8.2 entry=0.5500
Jun 11 15:07:20 vps python3[786811]: 2026-06-11 15:07:20,645 [WARNING] strategy.weather_arb: [USER-WS] UNTRACKED FILL: token=1919736079245416 side=BUY price=0.45 size=31.51111 status=MINED trader_side=MAKER — no tracker entry, no open position
Jun 11 15:07:26 vps python3[786811]: 2026-06-11 15:07:26,186 [WARNING] strategy.weather_arb: [USER-WS] UNTRACKED FILL: token=1919736079245416 side=BUY price=0.45 size=31.51111 status=CONFIRMED trader_side=MAKER — no tracker entry, no open position
Jun 11 15:11:48 vps python3[786811]: 2026-06-11 15:11:48,921 [WARNING] strategy.weather_arb: [MAKER-FILL] registered Chongqing NO 454193810460 +7.0 @ 0.6500 (cond=0x726ce717)
Jun 11 15:44:19 vps python3[786811]: 2026-06-11 15:44:19,654 [WARNING] strategy.weather_arb: [MAKER-FILL] +7.0 maker sh @ 0.2500 → Moscow YES 197324212126 now shares=12.0 entry=0.2500
Jun 11 15:44:20 vps python3[786811]: 2026-06-11 15:44:20,870 [WARNING] strategy.weather_arb: [USER-WS] UNTRACKED FILL: token=8831236695276294 side=BUY price=0.75 size=13.351332 status=MINED trader_side=MAKER — no tracker entry, no open position
Jun 11 15:44:25 vps python3[786811]: 2026-06-11 15:44:25,974 [WARNING] strategy.weather_arb: [USER-WS] UNTRACKED FILL: token=8831236695276294 side=BUY price=0.75 size=13.351332 status=CONFIRMED trader_side=MAKER — no tracker entry, no open position
Jun 11 15:55:14 vps python3[786811]: 2026-06-11 15:55:14,376 [WARNING] strategy.weather_arb: [MAKER-FILL] registered Chengdu YES 107362641922 +9.7 @ 0.2100 (cond=0x19570487)
Jun 11 16:00:25 vps python3[786811]: 2026-06-11 16:00:25,686 [WARNING] strategy.weather_arb: [MAKER-FILL] +6.0 maker sh @ 0.1800 → Moscow YES 250028985226 now shares=11.0 entry=0.1800
Jun 11 16:10:11 vps python3[786811]: 2026-06-11 16:10:11,096 [WARNING] strategy.weather_arb: [MAKER-FILL] +1.0 maker sh @ 0.1800 → Moscow YES 250028985226 now shares=12.0 entry=0.1800
Jun 11 16:10:12 vps python3[786811]: 2026-06-11 16:10:12,515 [WARNING] strategy.weather_arb: [USER-WS] UNTRACKED FILL: token=9214394809565774 side=BUY price=0.82 size=14.1 status=MINED trader_side=MAKER — no tracker entry, no open position
Jun 11 16:10:18 vps python3[786811]: 2026-06-11 16:10:18,229 [WARNING] strategy.weather_arb: [USER-WS] UNTRACKED FILL: token=9214394809565774 side=BUY price=0.82 size=14.1 status=CONFIRMED trader_side=MAKER — no tracker entry, no open position
Jun 11 16:18:54 vps python3[786811]: 2026-06-11 16:18:54,289 [WARNING] strategy.weather_arb: [MAKER-FILL] registered Beijing YES 891321118003 +15.0 @ 0.1400 (cond=0xbfe9b486)
Jun 11 16:18:55 vps python3[786811]: 2026-06-11 16:18:55,726 [WARNING] strategy.weather_arb: [USER-WS] UNTRACKED FILL: token=8348230146992179 side=BUY price=0.86 size=35 status=MINED trader_side=MAKER — no tracker entry, no open position
Jun 11 16:19:00 vps python3[786811]: 2026-06-11 16:19:00,993 [WARNING] strategy.weather_arb: [USER-WS] UNTRACKED FILL: token=8348230146992179 side=BUY price=0.86 size=35 status=CONFIRMED trader_side=MAKER — no tracker entry, no open position
Jun 11 16:25:06 vps python3[786811]: 2026-06-11 16:25:06,769 [WARNING] strategy.weather_arb: [USER-WS] UNTRACKED FILL: token=3133052974051624 side=BUY price=0.99 size=150.87 status=MINED trader_side=MAKER — no tracker entry, no open position
Jun 11 16:25:12 vps python3[786811]: 2026-06-11 16:25:12,427 [WARNING] strategy.weather_arb: [USER-WS] UNTRACKED FILL: token=3133052974051624 side=BUY price=0.99 size=150.87 status=CONFIRMED trader_side=MAKER — no tracker entry, no open position
Jun 11 16:54:20 vps python3[786811]: 2026-06-11 16:54:20,219 [WARNING] strategy.weather_arb: [USER-WS] UNTRACKED FILL: token=9906500894896725 side=BUY price=0.999 size=275.18 status=MINED trader_side=MAKER — no tracker entry, no open position
Jun 11 16:54:21 vps python3[786811]: 2026-06-11 16:54:21,324 [WARNING] strategy.weather_arb: [USER-WS] UNTRACKED FILL: token=9906500894896725 side=BUY price=0.999 size=275.18 status=CONFIRMED trader_side=MAKER — no tracker entry, no open position
Jun 11 17:01:38 vps python3[786811]: 2026-06-11 17:01:38,757 [WARNING] strategy.weather_arb: [MAKER-FILL] registered London NO 273211650531 +7.1 @ 0.6400 (cond=0xb7ed8ebe)
Jun 11 17:01:38 vps python3[786811]: 2026-06-11 17:01:38,761 [WARNING] strategy.weather_arb: [USER-WS] UNTRACKED FILL: token=3360671406330289 side=BUY price=0.36 size=55.56 status=MINED trader_side=MAKER — no tracker entry, no open position
Jun 11 17:01:40 vps python3[786811]: 2026-06-11 17:01:40,907 [WARNING] strategy.weather_arb: [USER-WS] UNTRACKED FILL: token=3360671406330289 side=BUY price=0.36 size=55.56 status=CONFIRMED trader_side=MAKER — no tracker entry, no open position
Jun 11 17:21:05 vps python3[786811]: 2026-06-11 17:21:05,675 [WARNING] strategy.weather_arb: [MAKER-FILL] registered Jeddah YES 799678616998 +8.0 @ 0.1500 (cond=0x7c20b856)
Jun 11 17:21:07 vps python3[786811]: 2026-06-11 17:21:07,321 [WARNING] strategy.weather_arb: [USER-WS] UNTRACKED FILL: token=9051898860422338 side=BUY price=0.87 size=57.758615 status=MINED trader_side=MAKER — no tracker entry, no open position
Jun 11 17:21:13 vps python3[786811]: 2026-06-11 17:21:13,263 [WARNING] strategy.weather_arb: [USER-WS] UNTRACKED FILL: token=9051898860422338 side=BUY price=0.87 size=57.758615 status=CONFIRMED trader_side=MAKER — no tracker entry, no open position
Jun 11 17:24:28 vps python3[786811]: 2026-06-11 17:24:28,966 [WARNING] strategy.weather_arb: [MAKER-FILL] registered London NO 406129229654 +6.0 @ 0.9900 (cond=0x9f7ea170)
Jun 11 17:24:29 vps python3[786811]: 2026-06-11 17:24:29,586 [WARNING] strategy.weather_arb: [USER-WS] UNTRACKED FILL: token=1008713232614347 side=BUY price=0.008 size=620.262222 status=MINED trader_side=MAKER — no tracker entry, no open position
Jun 11 17:24:35 vps python3[786811]: 2026-06-11 17:24:35,514 [WARNING] strategy.weather_arb: [USER-WS] UNTRACKED FILL: token=1008713232614347 side=BUY price=0.008 size=620.262222 status=CONFIRMED trader_side=MAKER — no tracker entry, no open position
Jun 11 17:45:02 vps python3[786811]: 2026-06-11 17:45:02,342 [WARNING] strategy.weather_arb: [MAKER-FILL] registered Wuhan YES 269716260323 +13.1 @ 0.1600 (cond=0xd91075a8)
Jun 11 17:45:03 vps python3[786811]: 2026-06-11 17:45:03,356 [WARNING] strategy.weather_arb: [USER-WS] UNTRACKED FILL: token=1156959011342008 side=BUY price=0.84 size=29.12 status=MINED trader_side=MAKER — no tracker entry, no open position
Jun 11 17:45:08 vps python3[786811]: 2026-06-11 17:45:08,087 [WARNING] strategy.weather_arb: [USER-WS] UNTRACKED FILL: token=1156959011342008 side=BUY price=0.84 size=29.12 status=CONFIRMED trader_side=MAKER — no tracker entry, no open position
Jun 11 17:57:09 vps python3[786811]: 2026-06-11 17:57:09,587 [WARNING] strategy.weather_arb: [USER-WS] UNTRACKED FILL: token=4061292296545474 side=BUY price=0.999 size=5 status=MINED trader_side=MAKER — no tracker entry, no open position
Jun 11 17:57:15 vps python3[786811]: 2026-06-11 17:57:15,540 [WARNING] strategy.weather_arb: [USER-WS] UNTRACKED FILL: token=4061292296545474 side=BUY price=0.999 size=5 status=CONFIRMED trader_side=MAKER — no tracker entry, no open position
Jun 11 18:30:07 vps python3[786811]: 2026-06-11 18:30:07,796 [WARNING] strategy.weather_arb: [MAKER-FILL] registered Taipei NO 970544183714 +6.8 @ 0.6800 (cond=0x4bab89e3)
Jun 11 19:50:57 vps python3[786811]: 2026-06-11 19:50:57,440 [WARNING] strategy.weather_arb: [MAKER-FILL] +0.3 maker sh @ 0.2100 → Chengdu YES 107362641922 now shares=10.0 entry=0.2100
Jun 11 20:37:54 vps python3[822826]: 2026-06-11 20:37:54,358 [WARNING] strategy.weather_arb: [USER-WS] UNTRACKED FILL: token=3133052974051624 side=SELL price=0.999 size=0.6 status=MATCHED trader_side=TAKER — no tracker entry, no open position
Jun 11 20:37:56 vps python3[822826]: 2026-06-11 20:37:56,414 [WARNING] strategy.weather_arb: [USER-WS] UNTRACKED FILL: token=3133052974051624 side=SELL price=0.999 size=0.6 status=MINED trader_side=TAKER — no tracker entry, no open position
Jun 11 20:37:59 vps python3[822826]: 2026-06-11 20:37:59,869 [WARNING] strategy.weather_arb: [USER-WS] UNTRACKED FILL: token=4061292296545474 side=SELL price=0.999 size=1 status=MATCHED trader_side=TAKER — no tracker entry, no open position
Jun 11 20:38:01 vps python3[822826]: 2026-06-11 20:38:01,909 [WARNING] strategy.weather_arb: [USER-WS] UNTRACKED FILL: token=4061292296545474 side=SELL price=0.999 size=1 status=MINED trader_side=TAKER — no tracker entry, no open position
Jun 11 20:38:02 vps python3[822826]: 2026-06-11 20:38:02,918 [WARNING] strategy.weather_arb: [USER-WS] UNTRACKED FILL: token=3133052974051624 side=SELL price=0.999 size=0.6 status=CONFIRMED trader_side=TAKER — no tracker entry, no open position
Jun 11 20:38:06 vps python3[822826]: 2026-06-11 20:38:06,560 [WARNING] strategy.weather_arb: [USER-WS] UNTRACKED FILL: token=4061292296545474 side=SELL price=0.999 size=1 status=CONFIRMED trader_side=TAKER — no tracker entry, no open position
Jun 11 20:38:07 vps python3[822826]: 2026-06-11 20:38:07,364 [WARNING] strategy.weather_arb: [USER-WS] UNTRACKED FILL: token=9906500894896725 side=SELL price=0.999 size=0.5 status=MATCHED trader_side=TAKER — no tracker entry, no open position
Jun 11 20:38:09 vps python3[822826]: 2026-06-11 20:38:09,432 [WARNING] strategy.weather_arb: [USER-WS] UNTRACKED FILL: token=9906500894896725 side=SELL price=0.999 size=0.5 status=MINED trader_side=TAKER — no tracker entry, no open position
Jun 11 20:38:15 vps python3[822826]: 2026-06-11 20:38:15,760 [WARNING] strategy.weather_arb: [USER-WS] UNTRACKED FILL: token=9906500894896725 side=SELL price=0.999 size=0.5 status=CONFIRMED trader_side=TAKER — no tracker entry, no open position
Jun 11 21:07:11 vps python3[822826]: 2026-06-11 21:07:11,398 [WARNING] strategy.weather_arb: [MAKER-FILL] registered Jeddah YES 764290498968 +12.0 @ 0.2700 (cond=0x95ce36b3)
Jun 11 21:15:09 vps python3[822826]: 2026-06-11 21:15:09,091 [WARNING] strategy.weather_arb: [MAKER-FILL] registered Helsinki YES 806033421638 +7.5 @ 0.1100 (cond=0x899a554b)
Jun 11 21:16:27 vps python3[822826]: 2026-06-11 21:16:27,871 [WARNING] strategy.weather_arb: [MAKER-FILL] registered Seoul YES 447806798127 +10.0 @ 0.3000 (cond=0xa8e03611)
Jun 11 21:16:27 vps python3[822826]: 2026-06-11 21:16:27,931 [WARNING] strategy.weather_arb: [USER-WS] UNTRACKED FILL: token=1188021408831439 side=BUY price=0.7 size=13.62 status=MATCHED trader_side=MAKER — no tracker entry, no open position
Jun 11 21:16:28 vps python3[822826]: 2026-06-11 21:16:28,192 [WARNING] strategy.weather_arb: [USER-WS] UNTRACKED FILL: token=1188021408831439 side=BUY price=0.7 size=5.4 status=MINED trader_side=MAKER — no tracker entry, no open position
Jun 11 21:16:28 vps python3[822826]: 2026-06-11 21:16:28,521 [WARNING] strategy.weather_arb: [USER-WS] UNTRACKED FILL: token=1188021408831439 side=BUY price=0.7 size=13.62 status=MINED trader_side=MAKER — no tracker entry, no open position
Jun 11 21:16:33 vps python3[822826]: 2026-06-11 21:16:33,515 [WARNING] strategy.weather_arb: [USER-WS] UNTRACKED FILL: token=1188021408831439 side=BUY price=0.7 size=13.62 status=CONFIRMED trader_side=MAKER — no tracker entry, no open position
Jun 11 21:16:33 vps python3[822826]: 2026-06-11 21:16:33,739 [WARNING] strategy.weather_arb: [USER-WS] UNTRACKED FILL: token=1188021408831439 side=BUY price=0.7 size=5.4 status=CONFIRMED trader_side=MAKER — no tracker entry, no open position
Jun 11 21:16:50 vps python3[822826]: 2026-06-11 21:16:50,830 [WARNING] strategy.weather_arb: [MAKER-FILL] registered Paris YES 582855210099 +8.0 @ 0.3400 (cond=0xf78000dd)
Jun 11 21:17:04 vps python3[822826]: 2026-06-11 21:17:04,696 [WARNING] strategy.weather_arb: [MAKER-FILL] registered Jeddah YES 102165660192 +2.4 @ 0.2500 (cond=0x62dd6316)
Jun 11 21:17:31 vps python3[822826]: 2026-06-11 21:17:31,875 [WARNING] strategy.weather_arb: [MAKER-FILL] +12.6 maker sh @ 0.1100 → Helsinki YES 806033421638 now shares=20.0 entry=0.1100
Jun 11 21:17:53 vps python3[822826]: 2026-06-11 21:17:53,560 [WARNING] strategy.weather_arb: [MAKER-FILL] registered Paris YES 821987003196 +16.2 @ 0.1300 (cond=0xb2d55088)
Jun 11 21:17:54 vps python3[822826]: 2026-06-11 21:17:54,395 [WARNING] strategy.weather_arb: [USER-WS] UNTRACKED FILL: token=3673864730712446 side=BUY price=0.87 size=16.1954 status=MINED trader_side=MAKER — no tracker entry, no open position
Jun 11 21:18:00 vps python3[822826]: 2026-06-11 21:18:00,431 [WARNING] strategy.weather_arb: [USER-WS] UNTRACKED FILL: token=3673864730712446 side=BUY price=0.87 size=16.1954 status=CONFIRMED trader_side=MAKER — no tracker entry, no open position
Jun 11 21:18:15 vps python3[822826]: 2026-06-11 21:18:15,255 [WARNING] strategy.weather_arb: [MAKER-FILL] +6.0 maker sh @ 0.2500 → Jeddah YES 102165660192 now shares=8.4 entry=0.2500
Jun 11 21:54:24 vps python3[822826]: 2026-06-11 21:54:24,780 [WARNING] strategy.weather_arb: [USER-WS] UNTRACKED FILL: token=3673864730712446 side=BUY price=0.87 size=0.8 status=MATCHED trader_side=MAKER — no tracker entry, no open position
Jun 11 21:54:26 vps python3[822826]: 2026-06-11 21:54:26,847 [WARNING] strategy.weather_arb: [USER-WS] UNTRACKED FILL: token=3673864730712446 side=BUY price=0.87 size=0.8 status=MINED trader_side=MAKER — no tracker entry, no open position
Jun 11 21:54:32 vps python3[822826]: 2026-06-11 21:54:32,109 [WARNING] strategy.weather_arb: [USER-WS] UNTRACKED FILL: token=3673864730712446 side=BUY price=0.87 size=0.8 status=CONFIRMED trader_side=MAKER — no tracker entry, no open position
Jun 11 22:03:15 vps python3[822826]: 2026-06-11 22:03:15,894 [WARNING] strategy.weather_arb: [MAKER-FILL] registered Helsinki YES 874712713971 +5.0 @ 0.3300 (cond=0xa0538843)
Jun 11 22:19:55 vps python3[822826]: 2026-06-11 22:19:55,571 [WARNING] strategy.weather_arb: [MAKER-FILL] +1.0 maker sh @ 0.3400 → Paris YES 582855210099 now shares=9.0 entry=0.3400
Jun 11 22:19:56 vps python3[822826]: 2026-06-11 22:19:56,273 [WARNING] strategy.weather_arb: [USER-WS] UNTRACKED FILL: token=1065308424047909 side=BUY price=0.66 size=1 status=MINED trader_side=MAKER — no tracker entry, no open position
Jun 11 22:19:56 vps python3[822826]: 2026-06-11 22:19:56,274 [WARNING] strategy.weather_arb: [USER-WS] UNTRACKED FILL: token=1065308424047909 side=BUY price=0.66 size=1 status=CONFIRMED trader_side=MAKER — no tracker entry, no open position
Jun 11 22:49:23 vps python3[822826]: 2026-06-11 22:49:23,620 [WARNING] strategy.weather_arb: [MAKER-FILL] registered Jeddah YES 340874690822 +10.4 @ 0.0400 (cond=0x69ce8d2e)
Jun 11 23:17:35 vps python3[822826]: 2026-06-11 23:17:35,043 [WARNING] strategy.weather_arb: [MAKER-FILL] +2.6 maker sh @ 0.3300 → Helsinki YES 874712713971 now shares=7.6 entry=0.3300
Jun 11 23:24:47 vps python3[822826]: 2026-06-11 23:24:47,039 [WARNING] strategy.weather_arb: [MAKER-FILL] +2.4 maker sh @ 0.3300 → Helsinki YES 874712713971 now shares=10.0 entry=0.3300
Jun 11 23:24:47 vps python3[822826]: 2026-06-11 23:24:47,891 [WARNING] strategy.weather_arb: [USER-WS] UNTRACKED FILL: token=5842474178931738 side=BUY price=0.67 size=2.38 status=MINED trader_side=MAKER — no tracker entry, no open position
Jun 11 23:24:51 vps python3[822826]: 2026-06-11 23:24:51,358 [WARNING] strategy.weather_arb: [USER-WS] UNTRACKED FILL: token=5842474178931738 side=BUY price=0.67 size=2.38 status=CONFIRMED trader_side=MAKER — no tracker entry, no open position
Jun 11 23:25:10 vps python3[822826]: 2026-06-11 23:25:10,398 [WARNING] strategy.weather_arb: [MAKER-FILL] registered Seoul YES 274245745245 +18.0 @ 0.1000 (cond=0x95fc839d)
Jun 11 23:44:04 vps python3[822826]: 2026-06-11 23:44:04,770 [WARNING] strategy.weather_arb: [MAKER-FILL] registered Chengdu YES 163461297242 +1.0 @ 0.2700 (cond=0x5dfa79bb)
Jun 12 00:00:49 vps python3[822826]: 2026-06-12 00:00:49,535 [WARNING] strategy.weather_arb: [MAKER-FILL] +3.0 maker sh @ 0.1000 → Seoul YES 274245745245 now shares=21.0 entry=0.1000
Jun 12 00:00:49 vps python3[822826]: 2026-06-12 00:00:49,917 [WARNING] strategy.weather_arb: [USER-WS] UNTRACKED FILL: token=7490376710994228 side=BUY price=0.91 size=8.79 status=MINED trader_side=MAKER — no tracker entry, no open position
Jun 12 00:00:56 vps python3[822826]: 2026-06-12 00:00:56,157 [WARNING] strategy.weather_arb: [USER-WS] UNTRACKED FILL: token=7490376710994228 side=BUY price=0.91 size=8.79 status=CONFIRMED trader_side=MAKER — no tracker entry, no open position
Jun 12 00:09:47 vps python3[822826]: 2026-06-12 00:09:47,792 [WARNING] strategy.weather_arb: [MAKER-FILL] registered Wuhan YES 141544816217 +5.7 @ 0.1800 (cond=0xd016978f)
Jun 12 00:12:49 vps python3[822826]: 2026-06-12 00:12:49,605 [WARNING] strategy.weather_arb: [MAKER-FILL] +6.3 maker sh @ 0.1800 → Wuhan YES 141544816217 now shares=12.0 entry=0.1800
Jun 12 00:12:51 vps python3[822826]: 2026-06-12 00:12:51,313 [WARNING] strategy.weather_arb: [USER-WS] UNTRACKED FILL: token=7485746405388232 side=BUY price=0.82 size=6.26 status=MINED trader_side=MAKER — no tracker entry, no open position
Jun 12 00:12:56 vps python3[822826]: 2026-06-12 00:12:56,694 [WARNING] strategy.weather_arb: [USER-WS] UNTRACKED FILL: token=7485746405388232 side=BUY price=0.82 size=6.26 status=CONFIRMED trader_side=MAKER — no tracker entry, no open position
Jun 12 01:23:15 vps python3[822826]: 2026-06-12 01:23:15,670 [WARNING] strategy.weather_arb: [MAKER-FILL] registered Qingdao YES 836488277216 +11.5 @ 0.1300 (cond=0xd792d36a)
Jun 12 01:43:54 vps python3[822826]: 2026-06-12 01:43:54,780 [WARNING] strategy.weather_arb: [MAKER-FILL] +5.0 maker sh @ 0.1300 → Qingdao YES 836488277216 now shares=16.5 entry=0.1300
Jun 12 02:32:28 vps python3[822826]: 2026-06-12 02:32:28,435 [WARNING] strategy.weather_arb: [MAKER-FILL] registered Guangzhou YES 908253749308 +5.2 @ 0.1500 (cond=0xf07b5008)
Jun 12 03:26:07 vps python3[822826]: 2026-06-12 03:26:07,334 [WARNING] strategy.weather_arb: [MAKER-FILL] registered Denver YES 146068866743 +6.4 @ 0.1500 (cond=0x643f6f49)
Jun 12 03:26:24 vps python3[822826]: 2026-06-12 03:26:24,083 [WARNING] strategy.weather_arb: [MAKER-FILL] registered Denver YES 669024388515 +7.8 @ 0.2000 (cond=0x4b237fd7)
Jun 12 03:27:22 vps python3[822826]: 2026-06-12 03:27:22,147 [WARNING] strategy.weather_arb: [MAKER-FILL] registered Taipei YES 706464149028 +12.5 @ 0.2400 (cond=0x9f709ece)
Jun 12 03:27:22 vps python3[822826]: 2026-06-12 03:27:22,694 [WARNING] strategy.weather_arb: [USER-WS] UNTRACKED FILL: token=7076539183941466 side=BUY price=0.78 size=7 status=MATCHED trader_side=MAKER — no tracker entry, no open position
Jun 12 03:27:22 vps python3[822826]: 2026-06-12 03:27:22,894 [WARNING] strategy.weather_arb: [USER-WS] UNTRACKED FILL: token=7076539183941466 side=BUY price=0.76 size=12 status=MINED trader_side=MAKER — no tracker entry, no open position
Jun 12 03:27:22 vps python3[822826]: 2026-06-12 03:27:22,989 [WARNING] strategy.weather_arb: [USER-WS] UNTRACKED FILL: token=7076539183941466 side=BUY price=0.78 size=7 status=MINED trader_side=MAKER — no tracker entry, no open position
Jun 12 03:27:27 vps python3[822826]: 2026-06-12 03:27:27,685 [WARNING] strategy.weather_arb: [USER-WS] UNTRACKED FILL: token=7076539183941466 side=BUY price=0.78 size=7 status=CONFIRMED trader_side=MAKER — no tracker entry, no open position
Jun 12 03:27:29 vps python3[822826]: 2026-06-12 03:27:29,035 [WARNING] strategy.weather_arb: [USER-WS] UNTRACKED FILL: token=7076539183941466 side=BUY price=0.76 size=12 status=CONFIRMED trader_side=MAKER — no tracker entry, no open position
Jun 12 04:03:10 vps python3[822826]: 2026-06-12 04:03:10,075 [WARNING] strategy.weather_arb: [USER-WS] UNTRACKED FILL: token=8604407005505165 side=BUY price=0.99 size=182.4 status=MINED trader_side=MAKER — no tracker entry, no open position
Jun 12 04:03:15 vps python3[822826]: 2026-06-12 04:03:15,513 [WARNING] strategy.weather_arb: [USER-WS] UNTRACKED FILL: token=8604407005505165 side=BUY price=0.99 size=182.4 status=CONFIRMED trader_side=MAKER — no tracker entry, no open position
Jun 12 04:11:13 vps python3[822826]: 2026-06-12 04:11:13,700 [WARNING] strategy.weather_arb: [MAKER-FILL] registered Seattle YES 789697679169 +5.5 @ 0.2500 (cond=0x8298faf6)
Jun 12 04:37:20 vps python3[822826]: 2026-06-12 04:37:20,978 [WARNING] strategy.weather_arb: [USER-WS] UNTRACKED FILL: token=4630182028557229 side=BUY price=0.982 size=101.8232 status=MINED trader_side=MAKER — no tracker entry, no open position
Jun 12 04:37:26 vps python3[822826]: 2026-06-12 04:37:26,429 [WARNING] strategy.weather_arb: [USER-WS] UNTRACKED FILL: token=4630182028557229 side=BUY price=0.982 size=101.8232 status=CONFIRMED trader_side=MAKER — no tracker entry, no open position
Jun 12 05:01:40 vps python3[822826]: 2026-06-12 05:01:40,287 [WARNING] strategy.weather_arb: [MAKER-FILL] +10.0 maker sh @ 0.0400 → Jeddah YES 340874690822 now shares=20.4 entry=0.0400
Jun 12 05:07:33 vps python3[822826]: 2026-06-12 05:07:33,427 [WARNING] strategy.weather_arb: [USER-WS] UNTRACKED FILL: token=5119813076974363 side=BUY price=0.97 size=913.02 status=MINED trader_side=MAKER — no tracker entry, no open position
Jun 12 05:07:39 vps python3[822826]: 2026-06-12 05:07:39,527 [WARNING] strategy.weather_arb: [USER-WS] UNTRACKED FILL: token=5119813076974363 side=BUY price=0.97 size=913.02 status=CONFIRMED trader_side=MAKER — no tracker entry, no open position
Jun 12 05:30:36 vps python3[822826]: 2026-06-12 05:30:36,619 [WARNING] strategy.weather_arb: [MAKER-FILL] registered Denver YES 502820684924 +1.2 @ 0.1400 (cond=0x0d4853f3)
Jun 12 05:31:44 vps python3[822826]: 2026-06-12 05:31:44,102 [WARNING] strategy.weather_arb: [MAKER-FILL] registered Moscow YES 663950426775 +8.4 @ 0.2500 (cond=0xa70deb5a)
Jun 12 05:31:45 vps python3[822826]: 2026-06-12 05:31:45,303 [WARNING] strategy.weather_arb: [USER-WS] UNTRACKED FILL: token=7089475669862259 side=BUY price=0.75 size=9.03 status=MINED trader_side=MAKER — no tracker entry, no open position
Jun 12 05:31:51 vps python3[822826]: 2026-06-12 05:31:51,553 [WARNING] strategy.weather_arb: [USER-WS] UNTRACKED FILL: token=7089475669862259 side=BUY price=0.75 size=9.03 status=CONFIRMED trader_side=MAKER — no tracker entry, no open position
Jun 12 05:38:31 vps python3[822826]: 2026-06-12 05:38:31,298 [WARNING] strategy.weather_arb: [USER-WS] UNTRACKED FILL: token=1105129035947580 side=BUY price=0.99 size=200 status=MINED trader_side=MAKER — no tracker entry, no open position
Jun 12 05:38:40 vps python3[822826]: 2026-06-12 05:38:40,795 [WARNING] strategy.weather_arb: [USER-WS] UNTRACKED FILL: token=1105129035947580 side=BUY price=0.99 size=200 status=CONFIRMED trader_side=MAKER — no tracker entry, no open position
Jun 12 05:44:11 vps python3[822826]: 2026-06-12 05:44:11,741 [WARNING] strategy.weather_arb: [MAKER-FILL] +6.5 maker sh @ 0.2500 → Seattle YES 789697679169 now shares=12.0 entry=0.2500
Jun 12 05:47:26 vps python3[822826]: 2026-06-12 05:47:26,637 [WARNING] strategy.weather_arb: [USER-WS] UNTRACKED FILL: token=3965755378313105 side=BUY price=0.99 size=100 status=MINED trader_side=MAKER — no tracker entry, no open position
Jun 12 05:47:32 vps python3[822826]: 2026-06-12 05:47:32,213 [WARNING] strategy.weather_arb: [USER-WS] UNTRACKED FILL: token=3965755378313105 side=BUY price=0.99 size=100 status=CONFIRMED trader_side=MAKER — no tracker entry, no open position
Jun 12 05:54:27 vps python3[822826]: 2026-06-12 05:54:27,995 [WARNING] strategy.weather_arb: [USER-WS] UNTRACKED FILL: token=8495398588380977 side=SELL price=0.08 size=477.33 status=MINED trader_side=MAKER — no tracker entry, no open position
Jun 12 05:54:33 vps python3[822826]: 2026-06-12 05:54:33,425 [WARNING] strategy.weather_arb: [USER-WS] UNTRACKED FILL: token=8495398588380977 side=SELL price=0.08 size=477.33 status=CONFIRMED trader_side=MAKER — no tracker entry, no open position
Jun 12 05:56:06 vps python3[822826]: 2026-06-12 05:56:06,266 [WARNING] strategy.weather_arb: [MAKER-FILL] +7.8 maker sh @ 0.0400 → Jeddah YES 340874690822 now shares=28.2 entry=0.0400
Jun 12 06:01:35 vps python3[822826]: 2026-06-12 06:01:35,598 [WARNING] strategy.weather_arb: [USER-WS] UNTRACKED FILL: token=3965755378313105 side=SELL price=0.996 size=0.99 status=MATCHED trader_side=TAKER — no tracker entry, no open position
Jun 12 06:01:37 vps python3[822826]: 2026-06-12 06:01:37,646 [WARNING] strategy.weather_arb: [USER-WS] UNTRACKED FILL: token=3965755378313105 side=SELL price=0.996 size=0.99 status=MINED trader_side=TAKER — no tracker entry, no open position
Jun 12 06:01:43 vps python3[822826]: 2026-06-12 06:01:43,708 [WARNING] strategy.weather_arb: [USER-WS] UNTRACKED FILL: token=3965755378313105 side=SELL price=0.996 size=0.99 status=CONFIRMED trader_side=TAKER — no tracker entry, no open position
Jun 12 06:02:12 vps python3[822826]: 2026-06-12 06:02:12,606 [WARNING] strategy.weather_arb: [MAKER-FILL] +2.0 maker sh @ 0.0400 → Jeddah YES 340874690822 now shares=30.2 entry=0.0400
Jun 12 06:05:28 vps python3[822826]: 2026-06-12 06:05:28,967 [WARNING] strategy.weather_arb: [MAKER-FILL] +7.0 maker sh @ 0.1300 → Qingdao YES 836488277216 now shares=23.5 entry=0.1300
Jun 12 06:05:29 vps python3[822826]: 2026-06-12 06:05:29,931 [WARNING] strategy.weather_arb: [USER-WS] UNTRACKED FILL: token=3907140826441980 side=BUY price=0.87 size=7 status=MINED trader_side=MAKER — no tracker entry, no open position
Jun 12 06:05:33 vps python3[822826]: 2026-06-12 06:05:33,982 [WARNING] strategy.weather_arb: [USER-WS] UNTRACKED FILL: token=3907140826441980 side=BUY price=0.87 size=7 status=CONFIRMED trader_side=MAKER — no tracker entry, no open position
Jun 12 06:07:32 vps python3[822826]: 2026-06-12 06:07:32,314 [WARNING] strategy.weather_arb: [MAKER-FILL] +8.4 maker sh @ 0.0400 → Jeddah YES 340874690822 now shares=38.7 entry=0.0400
Jun 12 06:08:44 vps python3[822826]: 2026-06-12 06:08:44,799 [WARNING] strategy.weather_arb: [MAKER-FILL] +7.0 maker sh @ 0.2700 → Chengdu YES 163461297242 now shares=8.0 entry=0.2700
Jun 12 06:10:24 vps python3[822826]: 2026-06-12 06:10:24,251 [WARNING] strategy.weather_arb: [USER-WS] UNTRACKED FILL: token=3343016738954794 side=SELL price=0.01 size=92.11 status=MINED trader_side=MAKER — no tracker entry, no open position
Jun 12 06:10:29 vps python3[822826]: 2026-06-12 06:10:29,448 [WARNING] strategy.weather_arb: [USER-WS] UNTRACKED FILL: token=3343016738954794 side=SELL price=0.01 size=92.11 status=CONFIRMED trader_side=MAKER — no tracker entry, no open position
Jun 12 06:14:25 vps python3[822826]: 2026-06-12 06:14:25,408 [WARNING] strategy.weather_arb: [MAKER-FILL] +4.0 maker sh @ 0.2700 → Chengdu YES 163461297242 now shares=12.0 entry=0.2700
Jun 12 06:14:29 vps python3[822826]: 2026-06-12 06:14:29,271 [WARNING] strategy.weather_arb: [USER-WS] UNTRACKED FILL: token=5024405162883010 side=BUY price=0.73 size=5.6 status=CONFIRMED trader_side=MAKER — no tracker entry, no open position
Jun 12 06:17:03 vps python3[874574]: 2026-06-12 06:17:03,505 [WARNING] strategy.weather_arb: [MAKER-FILL] registered Beijing NO 396575537831 +6.0 @ 0.9900 (cond=0x9cb0618f)
Jun 12 06:17:03 vps python3[874574]: 2026-06-12 06:17:03,564 [WARNING] strategy.weather_arb: [USER-WS] UNTRACKED FILL: token=3572437726808869 side=BUY price=0.015 size=202.78 status=MINED trader_side=MAKER — no tracker entry, no open position
Jun 12 06:17:09 vps python3[874574]: 2026-06-12 06:17:09,340 [WARNING] strategy.weather_arb: [USER-WS] UNTRACKED FILL: token=3572437726808869 side=BUY price=0.015 size=202.78 status=CONFIRMED trader_side=MAKER — no tracker entry, no open position
Jun 12 06:33:59 vps python3[874574]: 2026-06-12 06:33:59,611 [WARNING] strategy.weather_arb: [MAKER-FILL] +1.0 maker sh @ 0.0400 → Jeddah YES 340874690822 now shares=39.7 entry=0.0400
Jun 12 06:34:35 vps python3[874574]: 2026-06-12 06:34:35,640 [WARNING] strategy.weather_arb: [MAKER-FILL] +10.4 maker sh @ 0.0400 → Jeddah YES 340874690822 now shares=50.1 entry=0.0400
Jun 12 06:35:10 vps python3[874574]: 2026-06-12 06:35:10,576 [WARNING] strategy.weather_arb: [MAKER-FILL] +2.1 maker sh @ 0.0400 → Jeddah YES 340874690822 now shares=52.2 entry=0.0400
Jun 12 06:40:09 vps python3[874574]: 2026-06-12 06:40:09,841 [WARNING] strategy.weather_arb: [MAKER-FILL] +0.3 maker sh @ 0.0400 → Jeddah YES 340874690822 now shares=52.5 entry=0.0400
Jun 12 06:55:58 vps python3[874574]: 2026-06-12 06:55:58,106 [WARNING] strategy.weather_arb: [USER-WS] UNTRACKED FILL: token=1141468526876157 side=BUY price=0.99 size=175.9 status=MINED trader_side=MAKER — no tracker entry, no open position
Jun 12 06:56:04 vps python3[874574]: 2026-06-12 06:56:04,387 [WARNING] strategy.weather_arb: [USER-WS] UNTRACKED FILL: token=1141468526876157 side=BUY price=0.99 size=175.9 status=CONFIRMED trader_side=MAKER — no tracker entry, no open position
Jun 12 07:36:46 vps python3[874574]: 2026-06-12 07:36:46,933 [WARNING] strategy.weather_arb: [MAKER-FILL] registered Chengdu YES 710156060989 +12.1 @ 0.2000 (cond=0xf208666b)
Jun 12 07:38:58 vps python3[874574]: 2026-06-12 07:38:58,991 [WARNING] strategy.weather_arb: [MAKER-FILL] +2.9 maker sh @ 0.2000 → Chengdu YES 710156060989 now shares=15.0 entry=0.2000
Jun 12 07:38:59 vps python3[874574]: 2026-06-12 07:38:59,572 [WARNING] strategy.weather_arb: [USER-WS] UNTRACKED FILL: token=2994252928888319 side=BUY price=0.8 size=22.86 status=MINED trader_side=MAKER — no tracker entry, no open position
Jun 12 07:39:05 vps python3[874574]: 2026-06-12 07:39:05,209 [WARNING] strategy.weather_arb: [USER-WS] UNTRACKED FILL: token=2994252928888319 side=BUY price=0.8 size=22.86 status=CONFIRMED trader_side=MAKER — no tracker entry, no open position
Jun 12 07:45:14 vps python3[874574]: 2026-06-12 07:45:14,446 [WARNING] strategy.weather_arb: [MAKER-FILL] registered San Francisco YES 309372848078 +6.9 @ 0.2100 (cond=0xac4c5627)
Jun 12 07:47:12 vps python3[874574]: 2026-06-12 07:47:12,938 [WARNING] strategy.weather_arb: [USER-WS] UNTRACKED FILL: token=3965755378313105 side=BUY price=0.999 size=103 status=MINED trader_side=MAKER — no tracker entry, no open position
Jun 12 07:47:18 vps python3[874574]: 2026-06-12 07:47:18,461 [WARNING] strategy.weather_arb: [USER-WS] UNTRACKED FILL: token=3965755378313105 side=BUY price=0.999 size=103 status=CONFIRMED trader_side=MAKER — no tracker entry, no open position
Jun 12 07:49:28 vps python3[874574]: 2026-06-12 07:49:28,778 [WARNING] strategy.weather_arb: [USER-WS] UNTRACKED FILL: token=3965755378313105 side=SELL price=0.995 size=1 status=MATCHED trader_side=TAKER — no tracker entry, no open position
Jun 12 07:49:30 vps python3[874574]: 2026-06-12 07:49:30,833 [WARNING] strategy.weather_arb: [USER-WS] UNTRACKED FILL: token=3965755378313105 side=SELL price=0.995 size=1 status=MINED trader_side=TAKER — no tracker entry, no open position
Jun 12 07:49:36 vps python3[874574]: 2026-06-12 07:49:36,515 [WARNING] strategy.weather_arb: [USER-WS] UNTRACKED FILL: token=3965755378313105 side=SELL price=0.995 size=1 status=CONFIRMED trader_side=TAKER — no tracker entry, no open position
Jun 12 08:01:04 vps python3[874574]: 2026-06-12 08:01:04,364 [WARNING] strategy.weather_arb: [MAKER-FILL] registered Moscow YES 704597707656 +6.7 @ 0.2500 (cond=0xc77b804f)
Jun 12 08:11:36 vps python3[874574]: 2026-06-12 08:11:36,715 [WARNING] strategy.weather_arb: [USER-WS] UNTRACKED FILL: token=4980399804334219 side=SELL price=0.01 size=200 status=CONFIRMED trader_side=MAKER — no tracker entry, no open position
Jun 12 08:11:55 vps python3[874574]: 2026-06-12 08:11:55,519 [WARNING] strategy.weather_arb: [USER-WS] UNTRACKED FILL: token=1778942203082563 side=SELL price=0.998 size=0.49 status=MATCHED trader_side=TAKER — no tracker entry, no open position
Jun 12 08:11:57 vps python3[874574]: 2026-06-12 08:11:57,620 [WARNING] strategy.weather_arb: [USER-WS] UNTRACKED FILL: token=1778942203082563 side=SELL price=0.998 size=0.49 status=MINED trader_side=TAKER — no tracker entry, no open position
Jun 12 08:12:03 vps python3[874574]: 2026-06-12 08:12:03,599 [WARNING] strategy.weather_arb: [USER-WS] UNTRACKED FILL: token=1778942203082563 side=SELL price=0.998 size=0.49 status=CONFIRMED trader_side=TAKER — no tracker entry, no open position
Jun 12 08:16:40 vps python3[874574]: 2026-06-12 08:16:40,275 [WARNING] strategy.weather_arb: [MAKER-FILL] +2.9 maker sh @ 0.1500 → Denver YES 146068866743 now shares=9.2 entry=0.1500
Jun 12 08:16:46 vps python3[874574]: 2026-06-12 08:16:46,675 [WARNING] strategy.weather_arb: [MAKER-FILL] +4.8 maker sh @ 0.1500 → Denver YES 146068866743 now shares=14.0 entry=0.1500
Jun 12 08:26:35 vps python3[874574]: 2026-06-12 08:26:35,849 [WARNING] strategy.weather_arb: [USER-WS] UNTRACKED FILL: token=8604407005505165 side=SELL price=0.999 size=1 status=MATCHED trader_side=TAKER — no tracker entry, no open position
Jun 12 08:26:35 vps python3[874574]: 2026-06-12 08:26:35,865 [WARNING] strategy.weather_arb: [USER-WS] UNTRACKED FILL: token=8604407005505165 side=SELL price=0.999 size=1 status=MINED trader_side=TAKER — no tracker entry, no open position
Jun 12 08:26:41 vps python3[874574]: 2026-06-12 08:26:41,226 [WARNING] strategy.weather_arb: [USER-WS] UNTRACKED FILL: token=8604407005505165 side=SELL price=0.999 size=1 status=CONFIRMED trader_side=TAKER — no tracker entry, no open position
Jun 12 08:30:59 vps python3[874574]: 2026-06-12 08:30:59,573 [WARNING] strategy.weather_arb: [MAKER-FILL] registered Ankara YES 492367929065 +10.8 @ 0.2800 (cond=0x772f4167)
Jun 12 08:31:02 vps python3[874574]: 2026-06-12 08:31:02,450 [WARNING] strategy.weather_arb: [USER-WS] UNTRACKED FILL: token=8152533572733455 side=BUY price=0.734 size=23.65 status=MINED trader_side=MAKER — no tracker entry, no open position
Jun 12 08:31:06 vps python3[874574]: 2026-06-12 08:31:06,511 [WARNING] strategy.weather_arb: [USER-WS] UNTRACKED FILL: token=8152533572733455 side=BUY price=0.734 size=23.65 status=CONFIRMED trader_side=MAKER — no tracker entry, no open position
Jun 12 08:34:24 vps python3[874574]: 2026-06-12 08:34:24,327 [WARNING] strategy.weather_arb: [MAKER-FILL] +1.3 maker sh @ 0.2100 → San Francisco YES 309372848078 now shares=8.2 entry=0.2100
Jun 12 08:37:58 vps python3[874574]: 2026-06-12 08:37:58,137 [WARNING] strategy.weather_arb: [MAKER-FILL] +6.8 maker sh @ 0.2100 → San Francisco YES 309372848078 now shares=15.0 entry=0.2100
Jun 12 08:37:58 vps python3[874574]: 2026-06-12 08:37:58,823 [WARNING] strategy.weather_arb: [USER-WS] UNTRACKED FILL: token=1079032427843307 side=BUY price=0.79 size=31.91 status=MINED trader_side=MAKER — no tracker entry, no open position
Jun 12 08:38:02 vps python3[874574]: 2026-06-12 08:38:02,075 [WARNING] strategy.weather_arb: [USER-WS] UNTRACKED FILL: token=1079032427843307 side=BUY price=0.79 size=31.91 status=CONFIRMED trader_side=MAKER — no tracker entry, no open position
Jun 12 08:58:03 vps python3[874574]: 2026-06-12 08:58:03,927 [WARNING] strategy.weather_arb: [MAKER-FILL] +5.3 maker sh @ 0.2500 → Moscow YES 704597707656 now shares=12.0 entry=0.2500
Jun 12 09:37:35 vps python3[874574]: 2026-06-12 09:37:35,152 [WARNING] strategy.weather_arb: [USER-WS] UNTRACKED FILL: token=2967518275815538 side=SELL price=0.99 size=24 status=MATCHED trader_side=TAKER — no tracker entry, no open position
Jun 12 09:37:37 vps python3[874574]: 2026-06-12 09:37:37,215 [WARNING] strategy.weather_arb: [USER-WS] UNTRACKED FILL: token=2967518275815538 side=SELL price=0.99 size=24 status=MINED trader_side=TAKER — no tracker entry, no open position
Jun 12 09:37:46 vps python3[874574]: 2026-06-12 09:37:46,742 [WARNING] strategy.weather_arb: [USER-WS] UNTRACKED FILL: token=2967518275815538 side=SELL price=0.99 size=24 status=CONFIRMED trader_side=TAKER — no tracker entry, no open position
Jun 12 09:38:26 vps python3[874574]: 2026-06-12 09:38:26,860 [WARNING] strategy.weather_arb: [USER-WS] UNTRACKED FILL: token=4541938104609906 side=SELL price=0.999 size=1 status=MATCHED trader_side=TAKER — no tracker entry, no open position
Jun 12 09:38:28 vps python3[874574]: 2026-06-12 09:38:28,938 [WARNING] strategy.weather_arb: [USER-WS] UNTRACKED FILL: token=4541938104609906 side=SELL price=0.999 size=1 status=MINED trader_side=TAKER — no tracker entry, no open position
Jun 12 09:38:34 vps python3[874574]: 2026-06-12 09:38:34,111 [WARNING] strategy.weather_arb: [USER-WS] UNTRACKED FILL: token=4541938104609906 side=SELL price=0.999 size=1 status=CONFIRMED trader_side=TAKER — no tracker entry, no open position
Jun 12 09:57:52 vps python3[874574]: 2026-06-12 09:57:52,232 [WARNING] strategy.weather_arb: [MAKER-FILL] registered Shanghai YES 363560229135 +9.6 @ 0.2700 (cond=0xcda611f7)
Jun 12 10:13:09 vps python3[874574]: 2026-06-12 10:13:09,231 [WARNING] strategy.weather_arb: [MAKER-FILL] +2.4 maker sh @ 0.2700 → Shanghai YES 363560229135 now shares=12.0 entry=0.2700
Jun 12 10:13:09 vps python3[874574]: 2026-06-12 10:13:09,269 [WARNING] strategy.weather_arb: [USER-WS] UNTRACKED FILL: token=2163617505855343 side=BUY price=0.73 size=2.438355 status=MINED trader_side=MAKER — no tracker entry, no open position
Jun 12 10:13:14 vps python3[874574]: 2026-06-12 10:13:14,188 [WARNING] strategy.weather_arb: [USER-WS] UNTRACKED FILL: token=2163617505855343 side=BUY price=0.73 size=2.438355 status=CONFIRMED trader_side=MAKER — no tracker entry, no open position
Jun 12 10:33:46 vps python3[874574]: 2026-06-12 10:33:46,402 [WARNING] strategy.weather_arb: [MAKER-FILL] registered Taipei YES 458525110254 +2.9 @ 0.2200 (cond=0x656f3888)
Jun 12 10:49:06 vps python3[874574]: 2026-06-12 10:49:06,368 [WARNING] strategy.weather_arb: [MAKER-FILL] +11.1 maker sh @ 0.2200 → Taipei YES 458525110254 now shares=14.0 entry=0.2200
Jun 12 10:49:06 vps python3[874574]: 2026-06-12 10:49:06,714 [WARNING] strategy.weather_arb: [USER-WS] UNTRACKED FILL: token=7019286744994034 side=BUY price=0.78 size=12.820509 status=MINED trader_side=MAKER — no tracker entry, no open position
Jun 12 10:49:09 vps python3[874574]: 2026-06-12 10:49:09,836 [WARNING] strategy.weather_arb: [USER-WS] UNTRACKED FILL: token=7019286744994034 side=BUY price=0.78 size=12.820509 status=CONFIRMED trader_side=MAKER — no tracker entry, no open position
Jun 12 11:34:53 vps python3[874574]: 2026-06-12 11:34:53,871 [WARNING] strategy.weather_arb: [MAKER-FILL] registered Beijing YES 900471523022 +12.0 @ 0.2600 (cond=0xe391b55e)
Jun 12 11:34:54 vps python3[874574]: 2026-06-12 11:34:54,148 [WARNING] strategy.weather_arb: [USER-WS] UNTRACKED FILL: token=1000471370795431 side=BUY price=0.74 size=13.493332 status=MINED trader_side=MAKER — no tracker entry, no open position
Jun 12 11:34:56 vps python3[874574]: 2026-06-12 11:34:56,107 [WARNING] strategy.weather_arb: [USER-WS] UNTRACKED FILL: token=1000471370795431 side=BUY price=0.74 size=13.493332 status=CONFIRMED trader_side=MAKER — no tracker entry, no open position
Jun 12 12:05:01 vps python3[874574]: 2026-06-12 12:05:01,251 [WARNING] strategy.weather_arb: [MAKER-FILL] registered Qingdao YES 680208958415 +8.0 @ 0.2500 (cond=0x42e62718)
Jun 12 12:05:20 vps python3[874574]: 2026-06-12 12:05:20,151 [WARNING] strategy.weather_arb: [MAKER-FILL] registered Jeddah YES 520354752861 +12.0 @ 0.1800 (cond=0x5618aabb)
Jun 12 12:05:23 vps python3[874574]: 2026-06-12 12:05:23,464 [WARNING] strategy.weather_arb: [USER-WS] UNTRACKED FILL: token=2615298515575314 side=BUY price=0.82 size=12 status=CONFIRMED trader_side=MAKER — no tracker entry, no open position
Jun 12 12:05:34 vps python3[874574]: 2026-06-12 12:05:34,733 [WARNING] strategy.weather_arb: [MAKER-FILL] registered Jeddah YES 200615623931 +9.4 @ 0.3200 (cond=0xfc70a794)
Jun 12 12:05:35 vps python3[874574]: 2026-06-12 12:05:35,896 [WARNING] strategy.weather_arb: [USER-WS] UNTRACKED FILL: token=6756070305093483 side=BUY price=0.68 size=9.43 status=MINED trader_side=MAKER — no tracker entry, no open position
Jun 12 12:05:40 vps python3[874574]: 2026-06-12 12:05:40,307 [WARNING] strategy.weather_arb: [USER-WS] UNTRACKED FILL: token=6756070305093483 side=BUY price=0.68 size=9.43 status=CONFIRMED trader_side=MAKER — no tracker entry, no open position
Jun 12 12:09:58 vps python3[874574]: 2026-06-12 12:09:58,741 [WARNING] strategy.weather_arb: [USER-WS] UNTRACKED FILL: token=7642904989689423 side=BUY price=0.99 size=202.020201 status=MINED trader_side=MAKER — no tracker entry, no open position
Jun 12 12:10:03 vps python3[874574]: 2026-06-12 12:10:03,638 [WARNING] strategy.weather_arb: [USER-WS] UNTRACKED FILL: token=7642904989689423 side=BUY price=0.99 size=202.020201 status=CONFIRMED trader_side=MAKER — no tracker entry, no open position
Jun 12 12:18:36 vps python3[874574]: 2026-06-12 12:18:36,427 [WARNING] strategy.weather_arb: [MAKER-FILL] registered Beijing YES 496803732725 +14.4 @ 0.0800 (cond=0x7a43d47b)
Jun 12 12:18:39 vps python3[874574]: 2026-06-12 12:18:39,066 [WARNING] strategy.weather_arb: [MAKER-FILL] +9.8 maker sh @ 0.0800 → Beijing YES 496803732725 now shares=24.3 entry=0.0800
Jun 12 12:18:41 vps python3[874574]: 2026-06-12 12:18:41,368 [WARNING] strategy.weather_arb: [MAKER-FILL] +2.0 maker sh @ 0.0800 → Beijing YES 496803732725 now shares=26.2 entry=0.0800
Jun 12 12:57:01 vps python3[910142]: 2026-06-12 12:57:01,030 [INFO] strategy.weather_arb: [STRUCT-BAND-Q] queue=289 posted=56 cash_preskip=232 books=2/80 yes_books=2/50 no_cands=133 pair_cands=21
Jun 12 13:02:51 vps python3[910142]: 2026-06-12 13:02:51,785 [INFO] strategy.weather_arb: [STRUCT-BAND-Q] queue=287 posted=1 cash_preskip=229 books=1/80 yes_books=1/50 no_cands=132 pair_cands=19
Jun 12 13:03:03 vps python3[910142]: 2026-06-12 13:03:03,828 [WARNING] strategy.weather_arb: [MAKER-FILL] +0.4 maker sh @ 0.2500 → Qingdao YES 680208958415 now shares=8.4 entry=0.2500
Jun 12 13:07:29 vps python3[910142]: 2026-06-12 13:07:29,726 [WARNING] strategy.weather_arb: [MAKER-FILL] registered Chongqing YES 227893171917 +6.9 @ 0.2700 (cond=0x9312e5fe)
Jun 12 13:07:30 vps python3[910142]: 2026-06-12 13:07:30,534 [WARNING] strategy.weather_arb: [MAKER-FILL] registered Munich NO 334472003844 +5.5 @ 0.9800 (cond=0x61c876e9)
Jun 12 13:07:59 vps python3[910142]: 2026-06-12 13:07:59,556 [INFO] strategy.weather_arb: [STRUCT-BAND-Q] queue=281 posted=3 cash_preskip=219 books=3/80 yes_books=3/50 no_cands=133 pair_cands=19
Jun 12 13:10:29 vps python3[910142]: 2026-06-12 13:10:29,559 [WARNING] strategy.weather_arb: [MAKER-FILL] registered Madrid YES 296175137324 +10.0 @ 0.3100 (cond=0x9fc090d4)
Jun 12 13:10:30 vps python3[910142]: 2026-06-12 13:10:30,986 [WARNING] strategy.weather_arb: [USER-WS] UNTRACKED FILL: token=6490509814013295 side=BUY price=0.69 size=34.51 status=MINED trader_side=MAKER — no tracker entry, no open position
Jun 12 13:10:35 vps python3[910142]: 2026-06-12 13:10:35,170 [WARNING] strategy.weather_arb: [USER-WS] UNTRACKED FILL: token=6490509814013295 side=BUY price=0.69 size=34.51 status=CONFIRMED trader_side=MAKER — no tracker entry, no open position
Jun 12 13:13:05 vps python3[910142]: 2026-06-12 13:13:05,751 [INFO] strategy.weather_arb: [STRUCT-BAND-Q] queue=282 posted=0 cash_preskip=220 books=0/80 yes_books=0/50 no_cands=135 pair_cands=21
Jun 12 13:18:13 vps python3[910142]: 2026-06-12 13:18:13,193 [INFO] strategy.weather_arb: [STRUCT-BAND-Q] queue=291 posted=0 cash_preskip=229 books=0/80 yes_books=0/50 no_cands=134 pair_cands=20
Jun 12 13:23:16 vps python3[910142]: 2026-06-12 13:23:16,698 [WARNING] strategy.weather_arb: [MAKER-FILL] registered Beijing YES 771516287030 +8.5 @ 0.2600 (cond=0x15b2c595)
Jun 12 13:23:17 vps python3[910142]: 2026-06-12 13:23:17,664 [WARNING] strategy.weather_arb: [USER-WS] UNTRACKED FILL: token=9480157307147720 side=BUY price=0.75 size=24 status=MINED trader_side=MAKER — no tracker entry, no open position
Jun 12 13:23:19 vps python3[910142]: 2026-06-12 13:23:19,609 [INFO] strategy.weather_arb: [STRUCT-BAND-Q] queue=296 posted=0 cash_preskip=233 books=0/80 yes_books=0/50 no_cands=131 pair_cands=18
Jun 12 13:23:31 vps python3[910142]: 2026-06-12 13:23:31,064 [WARNING] strategy.weather_arb: [USER-WS] UNTRACKED FILL: token=9480157307147720 side=BUY price=0.75 size=24 status=CONFIRMED trader_side=MAKER — no tracker entry, no open position
Jun 12 13:23:33 vps python3[910142]: 2026-06-12 13:23:33,147 [WARNING] strategy.weather_arb: [MAKER-FILL] registered Beijing YES 110685092897 +0.4 @ 0.1400 (cond=0x4974defa)
Jun 12 13:23:38 vps python3[910142]: 2026-06-12 13:23:38,663 [WARNING] strategy.weather_arb: [MAKER-FILL] +2.3 maker sh @ 0.1400 → Beijing YES 110685092897 now shares=2.8 entry=0.1400
Jun 12 13:23:44 vps python3[910142]: 2026-06-12 13:23:44,413 [WARNING] strategy.weather_arb: [MAKER-FILL] +12.2 maker sh @ 0.1400 → Beijing YES 110685092897 now shares=15.0 entry=0.1400
Jun 12 13:28:24 vps python3[910142]: 2026-06-12 13:28:24,723 [INFO] strategy.weather_arb: [STRUCT-BAND-Q] queue=295 posted=0 cash_preskip=232 books=0/80 yes_books=0/50 no_cands=131 pair_cands=18
Jun 12 13:29:47 vps python3[910142]: 2026-06-12 13:29:47,971 [WARNING] strategy.weather_arb: [MAKER-FILL] +5.1 maker sh @ 0.2700 → Chongqing YES 227893171917 now shares=12.0 entry=0.2700
Jun 12 13:29:50 vps python3[910142]: 2026-06-12 13:29:50,102 [WARNING] strategy.weather_arb: [USER-WS] UNTRACKED FILL: token=4850845241372129 side=BUY price=0.73 size=6.08 status=CONFIRMED trader_side=MAKER — no tracker entry, no open position
Jun 12 13:33:29 vps python3[910142]: 2026-06-12 13:33:29,826 [INFO] strategy.weather_arb: [STRUCT-BAND-Q] queue=294 posted=0 cash_preskip=231 books=0/80 yes_books=0/50 no_cands=132 pair_cands=17
Jun 12 13:38:36 vps python3[910142]: 2026-06-12 13:38:36,288 [INFO] strategy.weather_arb: [STRUCT-BAND-Q] queue=279 posted=0 cash_preskip=220 books=0/80 yes_books=0/50 no_cands=132 pair_cands=17
Jun 12 13:43:42 vps python3[910142]: 2026-06-12 13:43:42,566 [INFO] strategy.weather_arb: [STRUCT-BAND-Q] queue=281 posted=0 cash_preskip=222 books=0/80 yes_books=0/50 no_cands=133 pair_cands=17
Jun 12 13:48:53 vps python3[910142]: 2026-06-12 13:48:53,684 [INFO] strategy.weather_arb: [STRUCT-BAND-Q] queue=282 posted=0 cash_preskip=221 books=0/80 yes_books=0/50 no_cands=132 pair_cands=16
Jun 12 13:54:05 vps python3[910142]: 2026-06-12 13:54:05,850 [INFO] strategy.weather_arb: [STRUCT-BAND-Q] queue=282 posted=0 cash_preskip=221 books=0/80 yes_books=0/50 no_cands=132 pair_cands=16
Jun 12 13:59:12 vps python3[910142]: 2026-06-12 13:59:12,966 [INFO] strategy.weather_arb: [STRUCT-BAND-Q] queue=285 posted=0 cash_preskip=224 books=0/80 yes_books=0/50 no_cands=131 pair_cands=16
Jun 12 14:04:21 vps python3[910142]: 2026-06-12 14:04:21,285 [INFO] strategy.weather_arb: [STRUCT-BAND-Q] queue=275 posted=0 cash_preskip=214 books=0/80 yes_books=0/50 no_cands=126 pair_cands=17
Jun 12 14:06:11 vps python3[910142]: 2026-06-12 14:06:11,713 [WARNING] strategy.weather_arb: [MAKER-FILL] registered Taipei YES 250872937538 +1.2 @ 0.2000 (cond=0x7529d877)
Jun 12 14:09:27 vps python3[910142]: 2026-06-12 14:09:27,179 [INFO] strategy.weather_arb: [STRUCT-BAND-Q] queue=275 posted=0 cash_preskip=214 books=0/80 yes_books=0/50 no_cands=126 pair_cands=17
Jun 12 14:14:36 vps python3[910142]: 2026-06-12 14:14:36,226 [INFO] strategy.weather_arb: [STRUCT-BAND-Q] queue=277 posted=0 cash_preskip=216 books=0/80 yes_books=0/50 no_cands=128 pair_cands=19
Jun 12 14:19:54 vps python3[910142]: 2026-06-12 14:19:54,001 [INFO] strategy.weather_arb: [STRUCT-BAND-Q] queue=276 posted=0 cash_preskip=216 books=0/80 yes_books=0/50 no_cands=127 pair_cands=19
Jun 12 14:25:02 vps python3[910142]: 2026-06-12 14:25:02,009 [INFO] strategy.weather_arb: [STRUCT-BAND-Q] queue=274 posted=0 cash_preskip=216 books=0/80 yes_books=0/50 no_cands=126 pair_cands=18
Jun 12 14:30:16 vps python3[910142]: 2026-06-12 14:30:16,766 [INFO] strategy.weather_arb: [STRUCT-BAND-Q] queue=279 posted=0 cash_preskip=221 books=0/80 yes_books=0/50 no_cands=128 pair_cands=18
Jun 12 14:35:26 vps python3[910142]: 2026-06-12 14:35:26,851 [WARNING] strategy.weather_arb: [MAKER-FILL] registered London NO 316323570586 +5.5 @ 0.9800 (cond=0x66d80919)
Jun 12 14:35:33 vps python3[910142]: 2026-06-12 14:35:33,428 [INFO] strategy.weather_arb: [STRUCT-BAND-Q] queue=277 posted=0 cash_preskip=218 books=0/80 yes_books=0/50 no_cands=126 pair_cands=18
Jun 12 14:40:44 vps python3[910142]: 2026-06-12 14:40:44,068 [INFO] strategy.weather_arb: [STRUCT-BAND-Q] queue=279 posted=0 cash_preskip=220 books=0/80 yes_books=0/50 no_cands=128 pair_cands=18
Jun 12 14:45:59 vps python3[910142]: 2026-06-12 14:45:59,762 [INFO] strategy.weather_arb: [STRUCT-BAND-Q] queue=276 posted=0 cash_preskip=219 books=0/80 yes_books=0/50 no_cands=126 pair_cands=17
Jun 12 14:51:07 vps python3[910142]: 2026-06-12 14:51:07,238 [INFO] strategy.weather_arb: [STRUCT-BAND-Q] queue=274 posted=0 cash_preskip=219 books=0/80 yes_books=0/50 no_cands=127 pair_cands=17
Jun 12 14:56:13 vps python3[910142]: 2026-06-12 14:56:13,869 [INFO] strategy.weather_arb: [STRUCT-BAND-Q] queue=265 posted=0 cash_preskip=210 books=0/80 yes_books=0/50 no_cands=123 pair_cands=17
Jun 12 15:01:20 vps python3[910142]: 2026-06-12 15:01:20,599 [INFO] strategy.weather_arb: [STRUCT-BAND-Q] queue=269 posted=0 cash_preskip=214 books=0/80 yes_books=0/50 no_cands=125 pair_cands=18
Jun 12 15:02:23 vps python3[910142]: 2026-06-12 15:02:23,080 [WARNING] strategy.weather_arb: [MAKER-FILL] registered Munich NO 710898657649 +6.0 @ 0.9900 (cond=0x4f26e100)
Jun 12 15:02:23 vps python3[910142]: 2026-06-12 15:02:23,367 [WARNING] strategy.weather_arb: [USER-WS] UNTRACKED FILL: token=3394418091002854 side=BUY price=0.009 size=200 status=MINED trader_side=MAKER — no tracker entry, no open position
Jun 12 15:02:29 vps python3[910142]: 2026-06-12 15:02:29,175 [WARNING] strategy.weather_arb: [USER-WS] UNTRACKED FILL: token=3394418091002854 side=BUY price=0.009 size=200 status=CONFIRMED trader_side=MAKER — no tracker entry, no open position
Jun 12 15:02:35 vps python3[910142]: 2026-06-12 15:02:35,829 [WARNING] strategy.weather_arb: [USER-WS] UNTRACKED FILL: token=7108986576499053 side=SELL price=0.99 size=5 status=MINED trader_side=TAKER — no tracker entry, no open position
Jun 12 15:02:41 vps python3[910142]: 2026-06-12 15:02:41,300 [WARNING] strategy.weather_arb: [USER-WS] UNTRACKED FILL: token=7108986576499053 side=SELL price=0.99 size=5 status=CONFIRMED trader_side=TAKER — no tracker entry, no open position
Jun 12 15:06:36 vps python3[910142]: 2026-06-12 15:06:36,169 [INFO] strategy.weather_arb: [STRUCT-BAND-Q] queue=274 posted=1 cash_preskip=220 books=1/80 yes_books=1/50 no_cands=128 pair_cands=17
Jun 12 15:11:47 vps python3[910142]: 2026-06-12 15:11:47,144 [INFO] strategy.weather_arb: [STRUCT-BAND-Q] queue=278 posted=0 cash_preskip=224 books=0/80 yes_books=0/50 no_cands=129 pair_cands=17
Jun 12 15:16:54 vps python3[910142]: 2026-06-12 15:16:54,059 [INFO] strategy.weather_arb: [STRUCT-BAND-Q] queue=276 posted=0 cash_preskip=222 books=0/80 yes_books=0/50 no_cands=127 pair_cands=17
Jun 12 15:21:59 vps python3[910142]: 2026-06-12 15:21:59,723 [INFO] strategy.weather_arb: [STRUCT-BAND-Q] queue=275 posted=0 cash_preskip=220 books=0/80 yes_books=0/50 no_cands=127 pair_cands=16
Jun 12 15:27:04 vps python3[910142]: 2026-06-12 15:27:04,710 [INFO] strategy.weather_arb: [STRUCT-BAND-Q] queue=275 posted=0 cash_preskip=222 books=0/80 yes_books=0/50 no_cands=127 pair_cands=16
Jun 12 15:32:11 vps python3[910142]: 2026-06-12 15:32:11,736 [INFO] strategy.weather_arb: [STRUCT-BAND-Q] queue=296 posted=0 cash_preskip=240 books=0/80 yes_books=0/50 no_cands=136 pair_cands=16
Jun 12 15:37:31 vps python3[910142]: 2026-06-12 15:37:31,208 [INFO] strategy.weather_arb: [STRUCT-BAND-Q] queue=283 posted=0 cash_preskip=227 books=0/80 yes_books=0/50 no_cands=131 pair_cands=17
Jun 12 15:42:36 vps python3[910142]: 2026-06-12 15:42:36,338 [INFO] strategy.weather_arb: [STRUCT-BAND-Q] queue=283 posted=0 cash_preskip=227 books=0/80 yes_books=0/50 no_cands=131 pair_cands=17
Jun 12 15:47:45 vps python3[910142]: 2026-06-12 15:47:45,524 [INFO] strategy.weather_arb: [STRUCT-BAND-Q] queue=283 posted=3 cash_preskip=226 books=3/80 yes_books=3/50 no_cands=128 pair_cands=17
Jun 12 15:51:16 vps python3[910142]: 2026-06-12 15:51:16,518 [WARNING] strategy.weather_arb: [USER-WS] UNTRACKED FILL: token=2732116505314873 side=BUY price=0.95 size=550.88 status=MINED trader_side=MAKER — no tracker entry, no open position
Jun 12 15:51:22 vps python3[910142]: 2026-06-12 15:51:22,493 [WARNING] strategy.weather_arb: [USER-WS] UNTRACKED FILL: token=2732116505314873 side=BUY price=0.95 size=550.88 status=CONFIRMED trader_side=MAKER — no tracker entry, no open position
Jun 12 15:52:52 vps python3[910142]: 2026-06-12 15:52:52,591 [INFO] strategy.weather_arb: [STRUCT-BAND-Q] queue=282 posted=2 cash_preskip=224 books=2/80 yes_books=2/50 no_cands=130 pair_cands=16
Jun 12 15:58:00 vps python3[910142]: 2026-06-12 15:58:00,198 [INFO] strategy.weather_arb: [STRUCT-BAND-Q] queue=281 posted=4 cash_preskip=219 books=4/80 yes_books=4/50 no_cands=130 pair_cands=15
Jun 12 15:59:22 vps python3[910142]: 2026-06-12 15:59:22,524 [WARNING] strategy.weather_arb: [USER-WS] UNTRACKED FILL: token=7108986576499053 side=SELL price=0.991 size=1 status=MATCHED trader_side=TAKER — no tracker entry, no open position
Jun 12 15:59:24 vps python3[910142]: 2026-06-12 15:59:24,608 [WARNING] strategy.weather_arb: [USER-WS] UNTRACKED FILL: token=7108986576499053 side=SELL price=0.991 size=1 status=MINED trader_side=TAKER — no tracker entry, no open position
Jun 12 15:59:30 vps python3[910142]: 2026-06-12 15:59:30,429 [WARNING] strategy.weather_arb: [USER-WS] UNTRACKED FILL: token=7108986576499053 side=SELL price=0.991 size=1 status=CONFIRMED trader_side=TAKER — no tracker entry, no open position
Jun 12 16:00:12 vps python3[910142]: 2026-06-12 16:00:12,624 [WARNING] strategy.weather_arb: [MAKER-FILL] registered Chongqing YES 357526568213 +5.0 @ 0.2000 (cond=0xc1f019d5)
Jun 12 16:03:13 vps python3[910142]: 2026-06-12 16:03:13,392 [INFO] strategy.weather_arb: [STRUCT-BAND-Q] queue=259 posted=1 cash_preskip=208 books=1/80 yes_books=1/50 no_cands=125 pair_cands=19
Jun 12 16:08:21 vps python3[910142]: 2026-06-12 16:08:21,016 [INFO] strategy.weather_arb: [STRUCT-BAND-Q] queue=260 posted=0 cash_preskip=209 books=0/80 yes_books=0/50 no_cands=126 pair_cands=19
Jun 12 16:13:26 vps python3[910142]: 2026-06-12 16:13:26,755 [INFO] strategy.weather_arb: [STRUCT-BAND-Q] queue=264 posted=0 cash_preskip=213 books=0/80 yes_books=0/50 no_cands=128 pair_cands=18
Jun 12 16:18:39 vps python3[910142]: 2026-06-12 16:18:39,591 [INFO] strategy.weather_arb: [STRUCT-BAND-Q] queue=271 posted=0 cash_preskip=216 books=0/80 yes_books=0/50 no_cands=129 pair_cands=17
Jun 12 16:19:46 vps python3[910142]: 2026-06-12 16:19:46,821 [WARNING] strategy.weather_arb: [MAKER-FILL] registered Lucknow YES 335186818686 +19.7 @ 0.1100 (cond=0x8e25cc7f)
Jun 12 16:19:57 vps python3[910142]: 2026-06-12 16:19:57,031 [WARNING] strategy.weather_arb: [USER-WS] UNTRACKED FILL: token=6510964208546907 side=BUY price=0.89 size=1.68539 status=MATCHED trader_side=MAKER — no tracker entry, no open position
Jun 12 16:19:58 vps python3[910142]: 2026-06-12 16:19:58,898 [WARNING] strategy.weather_arb: [USER-WS] UNTRACKED FILL: token=6510964208546907 side=BUY price=0.89 size=1.68539 status=MINED trader_side=MAKER — no tracker entry, no open position
Jun 12 16:20:03 vps python3[910142]: 2026-06-12 16:20:03,636 [WARNING] strategy.weather_arb: [USER-WS] UNTRACKED FILL: token=6510964208546907 side=BUY price=0.89 size=1.68539 status=CONFIRMED trader_side=MAKER — no tracker entry, no open position
Jun 12 16:23:47 vps python3[910142]: 2026-06-12 16:23:47,513 [INFO] strategy.weather_arb: [STRUCT-BAND-Q] queue=271 posted=0 cash_preskip=216 books=0/80 yes_books=0/50 no_cands=129 pair_cands=17
Jun 12 16:28:59 vps python3[910142]: 2026-06-12 16:28:59,036 [INFO] strategy.weather_arb: [STRUCT-BAND-Q] queue=263 posted=0 cash_preskip=210 books=0/80 yes_books=0/50 no_cands=131 pair_cands=15
Jun 12 16:34:03 vps python3[910142]: 2026-06-12 16:34:03,697 [INFO] strategy.weather_arb: [STRUCT-BAND-Q] queue=270 posted=0 cash_preskip=217 books=0/80 yes_books=0/50 no_cands=136 pair_cands=17
Jun 12 16:39:10 vps python3[910142]: 2026-06-12 16:39:10,610 [INFO] strategy.weather_arb: [STRUCT-BAND-Q] queue=297 posted=0 cash_preskip=242 books=0/80 yes_books=0/50 no_cands=157 pair_cands=17
Jun 12 16:44:17 vps python3[910142]: 2026-06-12 16:44:17,669 [INFO] strategy.weather_arb: [STRUCT-BAND-Q] queue=266 posted=0 cash_preskip=213 books=0/80 yes_books=0/50 no_cands=131 pair_cands=20
Jun 12 16:49:22 vps python3[910142]: 2026-06-12 16:49:22,134 [INFO] strategy.weather_arb: [STRUCT-BAND-Q] queue=266 posted=1 cash_preskip=214 books=1/80 yes_books=1/50 no_cands=132 pair_cands=19
Jun 12 16:54:44 vps python3[910142]: 2026-06-12 16:54:44,615 [INFO] strategy.weather_arb: [STRUCT-BAND-Q] queue=265 posted=0 cash_preskip=214 books=0/80 yes_books=0/50 no_cands=131 pair_cands=18
Jun 12 16:59:49 vps python3[910142]: 2026-06-12 16:59:49,959 [INFO] strategy.weather_arb: [STRUCT-BAND-Q] queue=268 posted=0 cash_preskip=218 books=0/80 yes_books=0/50 no_cands=132 pair_cands=18
Jun 12 17:05:03 vps python3[910142]: 2026-06-12 17:05:03,515 [INFO] strategy.weather_arb: [STRUCT-BAND-Q] queue=265 posted=0 cash_preskip=215 books=0/80 yes_books=0/50 no_cands=132 pair_cands=18
Jun 12 17:06:02 vps python3[910142]: 2026-06-12 17:06:02,430 [WARNING] strategy.weather_arb: [MAKER-FILL] registered Paris YES 140748040545 +12.5 @ 0.2400 (cond=0xae0a447f)
Jun 12 17:06:02 vps python3[910142]: 2026-06-12 17:06:02,446 [WARNING] strategy.weather_arb: [USER-WS] UNTRACKED FILL: token=2905095769239215 side=BUY price=0.76 size=13.157891 status=MINED trader_side=MAKER — no tracker entry, no open position
Jun 12 17:06:09 vps python3[910142]: 2026-06-12 17:06:09,713 [WARNING] strategy.weather_arb: [USER-WS] UNTRACKED FILL: token=2905095769239215 side=BUY price=0.76 size=13.157891 status=CONFIRMED trader_side=MAKER — no tracker entry, no open position
Jun 12 17:10:10 vps python3[910142]: 2026-06-12 17:10:10,811 [INFO] strategy.weather_arb: [STRUCT-BAND-Q] queue=254 posted=1 cash_preskip=203 books=1/80 yes_books=1/50 no_cands=123 pair_cands=17
Jun 12 17:15:20 vps python3[910142]: 2026-06-12 17:15:20,344 [INFO] strategy.weather_arb: [STRUCT-BAND-Q] queue=257 posted=0 cash_preskip=206 books=0/80 yes_books=0/50 no_cands=123 pair_cands=17
Jun 12 17:19:47 vps python3[910142]: 2026-06-12 17:19:47,545 [WARNING] strategy.weather_arb: [MAKER-FILL] registered Helsinki YES 248717491660 +21.0 @ 0.1000 (cond=0xaf809f22)
Jun 12 17:20:24 vps python3[910142]: 2026-06-12 17:20:24,876 [INFO] strategy.weather_arb: [STRUCT-BAND-Q] queue=256 posted=0 cash_preskip=204 books=0/80 yes_books=0/50 no_cands=123 pair_cands=16
Jun 12 17:20:56 vps python3[910142]: 2026-06-12 17:20:56,049 [WARNING] strategy.weather_arb: [MAKER-FILL] registered London YES 145828424223 +2.0 @ 0.3000 (cond=0xe4c10711)
Jun 12 17:25:32 vps python3[910142]: 2026-06-12 17:25:32,875 [INFO] strategy.weather_arb: [STRUCT-BAND-Q] queue=256 posted=0 cash_preskip=204 books=0/80 yes_books=0/50 no_cands=124 pair_cands=15
Jun 12 17:29:48 vps python3[910142]: 2026-06-12 17:29:48,924 [WARNING] strategy.weather_arb: [MAKER-FILL] +5.5 maker sh @ 0.2000 → Chongqing YES 357526568213 now shares=10.5 entry=0.2000
Jun 12 17:29:49 vps python3[910142]: 2026-06-12 17:29:49,237 [WARNING] strategy.weather_arb: [USER-WS] UNTRACKED FILL: token=2239627964557534 side=BUY price=0.8 size=15.5 status=MINED trader_side=MAKER — no tracker entry, no open position
Jun 12 17:29:54 vps python3[910142]: 2026-06-12 17:29:54,529 [WARNING] strategy.weather_arb: [USER-WS] UNTRACKED FILL: token=2239627964557534 side=BUY price=0.8 size=15.5 status=CONFIRMED trader_side=MAKER — no tracker entry, no open position
Jun 12 17:30:40 vps python3[910142]: 2026-06-12 17:30:40,379 [INFO] strategy.weather_arb: [STRUCT-BAND-Q] queue=253 posted=0 cash_preskip=203 books=0/80 yes_books=0/50 no_cands=124 pair_cands=15
Jun 12 17:35:48 vps python3[910142]: 2026-06-12 17:35:48,427 [INFO] strategy.weather_arb: [STRUCT-BAND-Q] queue=246 posted=0 cash_preskip=196 books=0/80 yes_books=0/50 no_cands=122 pair_cands=16
Jun 12 17:41:02 vps python3[910142]: 2026-06-12 17:41:02,480 [INFO] strategy.weather_arb: [STRUCT-BAND-Q] queue=250 posted=2 cash_preskip=199 books=2/80 yes_books=2/50 no_cands=123 pair_cands=16
Jun 12 17:46:14 vps python3[910142]: 2026-06-12 17:46:14,041 [INFO] strategy.weather_arb: [STRUCT-BAND-Q] queue=252 posted=0 cash_preskip=203 books=0/80 yes_books=0/50 no_cands=126 pair_cands=17
Jun 12 17:51:20 vps python3[910142]: 2026-06-12 17:51:20,681 [ERROR] strategy.weather_arb: [MAKER-FILL] reconcile failed
Jun 12 17:51:21 vps python3[910142]: 2026-06-12 17:51:21,028 [INFO] strategy.weather_arb: [STRUCT-BAND-Q] queue=251 posted=2 cash_preskip=201 books=2/80 yes_books=2/50 no_cands=126 pair_cands=16
Jun 12 17:51:45 vps python3[910142]: 2026-06-12 17:51:45,666 [WARNING] strategy.weather_arb: [MAKER-FILL] registered Ankara YES 102207603207 +15.0 @ 0.1400 (cond=0x99bd3c27)
Jun 12 17:51:45 vps python3[910142]: 2026-06-12 17:51:45,676 [WARNING] strategy.weather_arb: [USER-WS] UNTRACKED FILL: token=4439174525217769 side=BUY price=0.86 size=49.48 status=MINED trader_side=MAKER — no tracker entry, no open position
Jun 12 17:51:50 vps python3[910142]: 2026-06-12 17:51:50,118 [WARNING] strategy.weather_arb: [USER-WS] UNTRACKED FILL: token=4439174525217769 side=BUY price=0.86 size=49.48 status=CONFIRMED trader_side=MAKER — no tracker entry, no open position
Jun 12 17:56:28 vps python3[910142]: 2026-06-12 17:56:28,418 [INFO] strategy.weather_arb: [STRUCT-BAND-Q] queue=255 posted=0 cash_preskip=205 books=0/80 yes_books=0/50 no_cands=127 pair_cands=16
Jun 12 17:59:25 vps python3[910142]: 2026-06-12 17:59:25,582 [WARNING] strategy.weather_arb: [USER-WS] UNTRACKED FILL: token=3163235705861403 side=BUY price=0.999 size=770.770769 status=MINED trader_side=MAKER — no tracker entry, no open position
Jun 12 17:59:32 vps python3[910142]: 2026-06-12 17:59:32,757 [WARNING] strategy.weather_arb: [USER-WS] UNTRACKED FILL: token=3163235705861403 side=BUY price=0.999 size=770.770769 status=CONFIRMED trader_side=MAKER — no tracker entry, no open position
Jun 12 18:01:32 vps python3[910142]: 2026-06-12 18:01:32,578 [INFO] strategy.weather_arb: [STRUCT-BAND-Q] queue=260 posted=3 cash_preskip=209 books=3/80 yes_books=3/50 no_cands=128 pair_cands=14
Jun 12 18:06:40 vps python3[910142]: 2026-06-12 18:06:40,412 [INFO] strategy.weather_arb: [STRUCT-BAND-Q] queue=260 posted=0 cash_preskip=209 books=0/80 yes_books=0/50 no_cands=129 pair_cands=14
Jun 12 18:11:52 vps python3[910142]: 2026-06-12 18:11:52,320 [INFO] strategy.weather_arb: [STRUCT-BAND-Q] queue=250 posted=3 cash_preskip=197 books=3/80 yes_books=3/50 no_cands=127 pair_cands=13
Jun 12 18:12:44 vps python3[910142]: 2026-06-12 18:12:44,123 [WARNING] strategy.weather_arb: [MAKER-FILL] registered Moscow YES 625206935766 +5.3 @ 0.2500 (cond=0xabc3f224)
Jun 12 18:16:56 vps python3[910142]: 2026-06-12 18:16:56,209 [INFO] strategy.weather_arb: [STRUCT-BAND-Q] queue=251 posted=0 cash_preskip=197 books=0/80 yes_books=0/50 no_cands=127 pair_cands=14
Jun 12 18:21:56 vps python3[910142]: 2026-06-12 18:21:56,106 [WARNING] strategy.weather_arb: [MAKER-FILL] registered Seattle YES 916384806026 +8.8 @ 0.2400 (cond=0xbf674457)
Jun 12 18:22:08 vps python3[910142]: 2026-06-12 18:22:08,934 [INFO] strategy.weather_arb: [STRUCT-BAND-Q] queue=251 posted=0 cash_preskip=196 books=0/80 yes_books=0/50 no_cands=125 pair_cands=13
Jun 12 18:22:51 vps python3[910142]: 2026-06-12 18:22:51,297 [WARNING] strategy.weather_arb: [MAKER-FILL] +6.7 maker sh @ 0.2500 → Moscow YES 625206935766 now shares=12.0 entry=0.2500
Jun 12 18:27:18 vps python3[910142]: 2026-06-12 18:27:18,042 [INFO] strategy.weather_arb: [STRUCT-BAND-Q] queue=254 posted=0 cash_preskip=201 books=0/80 yes_books=0/50 no_cands=131 pair_cands=12
Jun 12 18:32:24 vps python3[910142]: 2026-06-12 18:32:24,172 [INFO] strategy.weather_arb: [STRUCT-BAND-Q] queue=254 posted=0 cash_preskip=201 books=0/80 yes_books=0/50 no_cands=130 pair_cands=12
Jun 12 18:37:36 vps python3[910142]: 2026-06-12 18:37:36,209 [INFO] strategy.weather_arb: [STRUCT-BAND-Q] queue=253 posted=0 cash_preskip=200 books=0/80 yes_books=0/50 no_cands=127 pair_cands=13
Jun 12 18:42:53 vps python3[910142]: 2026-06-12 18:42:53,980 [INFO] strategy.weather_arb: [STRUCT-BAND-Q] queue=254 posted=0 cash_preskip=201 books=0/80 yes_books=0/50 no_cands=128 pair_cands=13
Jun 12 18:46:06 vps python3[943155]: 2026-06-12 18:46:06,031 [INFO] strategy.weather_arb: [STRUCT-BAND-Q] queue=260 posted=0 cash_preskip=227 books=0/80 yes_books=0/50 no_cands=128 pair_cands=13 yes_resv_skip=0 yes_cap=0.44
Jun 12 18:52:01 vps python3[943155]: 2026-06-12 18:52:01,102 [INFO] strategy.weather_arb: [STRUCT-BAND-Q] queue=259 posted=0 cash_preskip=227 books=0/80 yes_books=0/50 no_cands=127 pair_cands=13 yes_resv_skip=0 yes_cap=0.44
Jun 12 18:57:14 vps python3[943155]: 2026-06-12 18:57:14,222 [INFO] strategy.weather_arb: [STRUCT-BAND-Q] queue=259 posted=0 cash_preskip=175 books=0/80 yes_books=0/50 no_cands=127 pair_cands=13 yes_resv_skip=52 yes_cap=1.49
Jun 12 18:58:52 vps python3[943155]: 2026-06-12 18:58:52,320 [WARNING] strategy.weather_arb: [MAKER-FILL] +3.6 maker sh @ 0.3000 → London YES 145828424223 now shares=5.6 entry=0.3000
Jun 12 19:02:22 vps python3[943155]: 2026-06-12 19:02:22,067 [INFO] strategy.weather_arb: [STRUCT-BAND-Q] queue=261 posted=0 cash_preskip=138 books=0/80 yes_books=0/50 no_cands=126 pair_cands=13 yes_resv_skip=92 yes_cap=1.55
Jun 12 19:07:33 vps python3[943155]: 2026-06-12 19:07:33,251 [INFO] strategy.weather_arb: [STRUCT-BAND-Q] queue=259 posted=65 cash_preskip=137 books=1/80 yes_books=1/50 no_cands=125 pair_cands=13 yes_resv_skip=75 yes_cap=3.05
Jun 12 19:09:49 vps python3[943155]: 2026-06-12 19:09:49,174 [WARNING] strategy.weather_arb: [MAKER-FILL] registered Qingdao YES 185740529522 +7.6 @ 0.3400 (cond=0x1f81113c)
Jun 12 19:12:48 vps python3[943155]: 2026-06-12 19:12:48,377 [INFO] strategy.weather_arb: [STRUCT-BAND-Q] queue=259 posted=2 cash_preskip=148 books=2/80 yes_books=1/50 no_cands=125 pair_cands=13 yes_resv_skip=63 yes_cap=4.22
Jun 12 19:14:16 vps python3[943155]: 2026-06-12 19:14:16,623 [WARNING] strategy.weather_arb: [MAKER-FILL] registered Ankara YES 955149355899 +7.0 @ 0.3300 (cond=0x6c48276f)
Jun 12 19:14:16 vps python3[943155]: 2026-06-12 19:14:16,892 [WARNING] strategy.weather_arb: [USER-WS] UNTRACKED FILL: token=9650935937619519 side=BUY price=0.67 size=29.723381 status=MINED trader_side=MAKER — no tracker entry, no open position
Jun 12 19:14:21 vps python3[943155]: 2026-06-12 19:14:21,398 [WARNING] strategy.weather_arb: [USER-WS] UNTRACKED FILL: token=9650935937619519 side=BUY price=0.67 size=29.723381 status=CONFIRMED trader_side=MAKER — no tracker entry, no open position
Jun 12 19:17:54 vps python3[943155]: 2026-06-12 19:17:54,504 [INFO] strategy.weather_arb: [STRUCT-BAND-Q] queue=254 posted=0 cash_preskip=200 books=0/80 yes_books=0/50 no_cands=123 pair_cands=13 yes_resv_skip=0 yes_cap=0.49
Jun 12 19:23:04 vps python3[943155]: 2026-06-12 19:23:04,185 [INFO] strategy.weather_arb: [STRUCT-BAND-Q] queue=252 posted=0 cash_preskip=198 books=0/80 yes_books=0/50 no_cands=122 pair_cands=13 yes_resv_skip=0 yes_cap=0.49
Jun 12 19:24:49 vps python3[946477]: 2026-06-12 19:24:49,259 [INFO] strategy.weather_arb: [STRUCT-BAND-Q] queue=252 posted=0 cash_preskip=215 books=0/80 yes_books=0/50 no_cands=122 pair_cands=13 yes_resv_skip=0 yes_cap=0.49
Jun 12 19:30:43 vps python3[946477]: 2026-06-12 19:30:43,074 [INFO] strategy.weather_arb: [STRUCT-BAND-Q] queue=246 posted=0 cash_preskip=208 books=0/80 yes_books=0/50 no_cands=122 pair_cands=14 yes_resv_skip=0 yes_cap=0.49
Jun 12 19:31:53 vps python3[946477]: 2026-06-12 19:31:53,197 [WARNING] strategy.weather_arb: [MAKER-FILL] registered Kuala Lumpur YES 942853840775 +8.0 @ 0.2700 (cond=0xe34804d8)
Jun 12 19:35:50 vps python3[946477]: 2026-06-12 19:35:50,695 [INFO] strategy.weather_arb: [STRUCT-BAND-Q] queue=250 posted=0 cash_preskip=211 books=0/80 yes_books=0/50 no_cands=123 pair_cands=14 yes_resv_skip=0 yes_cap=0.56
Jun 12 19:41:02 vps python3[946477]: 2026-06-12 19:41:02,091 [INFO] strategy.weather_arb: [STRUCT-BAND-Q] queue=250 posted=0 cash_preskip=211 books=0/80 yes_books=0/50 no_cands=123 pair_cands=14 yes_resv_skip=0 yes_cap=0.56
Jun 12 19:46:11 vps python3[946477]: 2026-06-12 19:46:11,252 [INFO] strategy.weather_arb: [STRUCT-BAND-Q] queue=249 posted=0 cash_preskip=212 books=0/80 yes_books=0/50 no_cands=125 pair_cands=14 yes_resv_skip=0 yes_cap=0.56
Jun 12 19:51:18 vps python3[946477]: 2026-06-12 19:51:18,063 [INFO] strategy.weather_arb: [STRUCT-BAND-Q] queue=250 posted=0 cash_preskip=212 books=0/80 yes_books=0/50 no_cands=126 pair_cands=15 yes_resv_skip=0 yes_cap=0.56
Jun 12 19:56:26 vps python3[946477]: 2026-06-12 19:56:26,113 [INFO] strategy.weather_arb: [STRUCT-BAND-Q] queue=250 posted=0 cash_preskip=210 books=0/80 yes_books=0/50 no_cands=125 pair_cands=16 yes_resv_skip=0 yes_cap=0.56
Jun 12 20:01:35 vps python3[946477]: 2026-06-12 20:01:35,848 [INFO] strategy.weather_arb: [STRUCT-BAND-Q] queue=246 posted=0 cash_preskip=207 books=0/80 yes_books=0/50 no_cands=123 pair_cands=15 yes_resv_skip=0 yes_cap=0.56
Jun 12 20:05:29 vps python3[946477]: 2026-06-12 20:05:29,356 [WARNING] strategy.weather_arb: [MAKER-FILL] +4.4 maker sh @ 0.3000 → London YES 145828424223 now shares=10.0 entry=0.3000
Jun 12 20:05:30 vps python3[946477]: 2026-06-12 20:05:30,051 [WARNING] strategy.weather_arb: [USER-WS] UNTRACKED FILL: token=5460586227127271 side=BUY price=0.7 size=5 status=MINED trader_side=MAKER — no tracker entry, no open position
Jun 12 20:05:34 vps python3[946477]: 2026-06-12 20:05:34,896 [WARNING] strategy.weather_arb: [USER-WS] UNTRACKED FILL: token=5460586227127271 side=BUY price=0.7 size=5 status=CONFIRMED trader_side=MAKER — no tracker entry, no open position
Jun 12 20:06:48 vps python3[946477]: 2026-06-12 20:06:48,351 [INFO] strategy.weather_arb: [STRUCT-BAND-Q] queue=249 posted=0 cash_preskip=210 books=0/80 yes_books=0/50 no_cands=125 pair_cands=16 yes_resv_skip=0 yes_cap=0.63
Jun 12 20:11:56 vps python3[946477]: 2026-06-12 20:11:56,681 [INFO] strategy.weather_arb: [STRUCT-BAND-Q] queue=245 posted=0 cash_preskip=207 books=0/80 yes_books=0/50 no_cands=124 pair_cands=15 yes_resv_skip=0 yes_cap=0.63
Jun 12 20:17:04 vps python3[946477]: 2026-06-12 20:17:04,825 [INFO] strategy.weather_arb: [STRUCT-BAND-Q] queue=245 posted=0 cash_preskip=207 books=0/80 yes_books=0/50 no_cands=122 pair_cands=15 yes_resv_skip=0 yes_cap=0.63
Jun 12 20:17:39 vps python3[946477]: 2026-06-12 20:17:39,905 [WARNING] strategy.weather_arb: [MAKER-FILL] registered Karachi YES 830316519945 +0.6 @ 0.3800 (cond=0x2dabf133)
Jun 12 20:22:12 vps python3[946477]: 2026-06-12 20:22:12,576 [INFO] strategy.weather_arb: [STRUCT-BAND-Q] queue=246 posted=0 cash_preskip=206 books=0/80 yes_books=0/50 no_cands=124 pair_cands=16 yes_resv_skip=0 yes_cap=0.64
Jun 12 20:27:20 vps python3[946477]: 2026-06-12 20:27:20,515 [INFO] strategy.weather_arb: [STRUCT-BAND-Q] queue=245 posted=0 cash_preskip=205 books=0/80 yes_books=0/50 no_cands=123 pair_cands=16 yes_resv_skip=0 yes_cap=0.64
Jun 12 20:32:41 vps python3[946477]: 2026-06-12 20:32:41,771 [INFO] strategy.weather_arb: [STRUCT-BAND-Q] queue=243 posted=0 cash_preskip=204 books=0/80 yes_books=0/50 no_cands=125 pair_cands=16 yes_resv_skip=0 yes_cap=0.64
Jun 12 20:37:52 vps python3[946477]: 2026-06-12 20:37:52,065 [INFO] strategy.weather_arb: [STRUCT-BAND-Q] queue=250 posted=0 cash_preskip=211 books=0/80 yes_books=0/50 no_cands=124 pair_cands=18 yes_resv_skip=0 yes_cap=0.64
Jun 12 20:42:58 vps python3[946477]: 2026-06-12 20:42:58,852 [INFO] strategy.weather_arb: [STRUCT-BAND-Q] queue=249 posted=0 cash_preskip=210 books=0/80 yes_books=0/50 no_cands=123 pair_cands=18 yes_resv_skip=0 yes_cap=0.64
Jun 12 20:48:04 vps python3[946477]: 2026-06-12 20:48:04,251 [INFO] strategy.weather_arb: [STRUCT-BAND-Q] queue=252 posted=0 cash_preskip=213 books=0/80 yes_books=0/50 no_cands=123 pair_cands=18 yes_resv_skip=0 yes_cap=0.64
Jun 12 20:53:10 vps python3[946477]: 2026-06-12 20:53:10,294 [INFO] strategy.weather_arb: [STRUCT-BAND-Q] queue=251 posted=0 cash_preskip=213 books=0/80 yes_books=0/50 no_cands=122 pair_cands=18 yes_resv_skip=0 yes_cap=0.64
Jun 12 20:58:23 vps python3[946477]: 2026-06-12 20:58:23,625 [INFO] strategy.weather_arb: [STRUCT-BAND-Q] queue=249 posted=0 cash_preskip=211 books=0/80 yes_books=0/50 no_cands=120 pair_cands=18 yes_resv_skip=0 yes_cap=0.64
Jun 12 21:02:00 vps python3[946477]: 2026-06-12 21:02:00,186 [WARNING] strategy.weather_arb: [MAKER-FILL] registered Jeddah NO 863519172506 +3.8 @ 0.6500 (cond=0x62dd6316)
Jun 12 21:03:36 vps python3[946477]: 2026-06-12 21:03:36,619 [INFO] strategy.weather_arb: [STRUCT-BAND-Q] queue=243 posted=0 cash_preskip=133 books=0/80 yes_books=0/50 no_cands=119 pair_cands=16 yes_resv_skip=74 yes_cap=1.87
Jun 12 21:08:42 vps python3[946477]: 2026-06-12 21:08:42,963 [INFO] strategy.weather_arb: [STRUCT-BAND-Q] queue=239 posted=0 cash_preskip=133 books=0/80 yes_books=0/50 no_cands=119 pair_cands=16 yes_resv_skip=71 yes_cap=1.81
Jun 12 21:13:50 vps python3[946477]: 2026-06-12 21:13:50,198 [INFO] strategy.weather_arb: [STRUCT-BAND-Q] queue=241 posted=0 cash_preskip=132 books=0/80 yes_books=0/50 no_cands=118 pair_cands=16 yes_resv_skip=74 yes_cap=1.81
Jun 12 21:19:01 vps python3[946477]: 2026-06-12 21:19:01,652 [INFO] strategy.weather_arb: [STRUCT-BAND-Q] queue=242 posted=0 cash_preskip=133 books=0/80 yes_books=0/50 no_cands=118 pair_cands=17 yes_resv_skip=74 yes_cap=1.81
Jun 12 21:24:22 vps python3[946477]: 2026-06-12 21:24:22,390 [INFO] strategy.weather_arb: [STRUCT-BAND-Q] queue=238 posted=0 cash_preskip=133 books=0/80 yes_books=0/50 no_cands=117 pair_cands=18 yes_resv_skip=69 yes_cap=1.81
Jun 12 21:29:36 vps python3[946477]: 2026-06-12 21:29:36,358 [INFO] strategy.weather_arb: [STRUCT-BAND-Q] queue=236 posted=0 cash_preskip=133 books=0/80 yes_books=0/50 no_cands=117 pair_cands=18 yes_resv_skip=70 yes_cap=1.81
Jun 12 21:32:35 vps python3[946477]: 2026-06-12 21:32:35,931 [WARNING] strategy.weather_arb: [MAKER-FILL] +1.2 maker sh @ 0.2000 → Taipei YES 250872937538 now shares=2.5 entry=0.2000
Jun 12 21:34:13 vps python3[946477]: 2026-06-12 21:34:13,318 [WARNING] strategy.weather_arb: [MAKER-FILL] registered Helsinki YES 109622970066 +5.0 @ 0.1100 (cond=0xc34548c3)
Jun 12 21:34:43 vps python3[946477]: 2026-06-12 21:34:43,923 [INFO] strategy.weather_arb: [STRUCT-BAND-Q] queue=236 posted=65 cash_preskip=157 books=2/80 yes_books=2/50 no_cands=117 pair_cands=18 yes_resv_skip=34 yes_cap=2.10
Jun 12 21:39:12 vps python3[946477]: 2026-06-12 21:39:12,929 [WARNING] strategy.weather_arb: [MAKER-FILL] +5.0 maker sh @ 0.1100 → Helsinki YES 109622970066 now shares=10.0 entry=0.1100
Jun 12 21:39:54 vps python3[946477]: 2026-06-12 21:39:54,594 [INFO] strategy.weather_arb: [STRUCT-BAND-Q] queue=237 posted=0 cash_preskip=158 books=0/80 yes_books=0/50 no_cands=116 pair_cands=16 yes_resv_skip=33 yes_cap=1.08
Jun 12 21:45:03 vps python3[946477]: 2026-06-12 21:45:03,373 [INFO] strategy.weather_arb: [STRUCT-BAND-Q] queue=237 posted=0 cash_preskip=191 books=0/80 yes_books=0/50 no_cands=117 pair_cands=15 yes_resv_skip=0 yes_cap=0.83
Jun 12 21:50:10 vps python3[946477]: 2026-06-12 21:50:10,711 [INFO] strategy.weather_arb: [STRUCT-BAND-Q] queue=237 posted=1 cash_preskip=130 books=1/80 yes_books=1/50 no_cands=117 pair_cands=15 yes_resv_skip=61 yes_cap=2.93
Jun 12 21:55:20 vps python3[946477]: 2026-06-12 21:55:20,452 [INFO] strategy.weather_arb: [STRUCT-BAND-Q] queue=239 posted=1 cash_preskip=135 books=1/80 yes_books=1/50 no_cands=123 pair_cands=14 yes_resv_skip=58 yes_cap=3.38
Jun 12 22:00:25 vps python3[946477]: 2026-06-12 22:00:25,470 [INFO] strategy.weather_arb: [STRUCT-BAND-Q] queue=229 posted=2 cash_preskip=140 books=2/80 yes_books=1/50 no_cands=117 pair_cands=14 yes_resv_skip=44 yes_cap=3.98
Jun 12 22:05:40 vps python3[946477]: 2026-06-12 22:05:40,342 [INFO] strategy.weather_arb: [STRUCT-BAND-Q] queue=232 posted=0 cash_preskip=187 books=0/80 yes_books=0/50 no_cands=117 pair_cands=14 yes_resv_skip=0 yes_cap=0.23
Jun 12 22:06:17 vps python3[946477]: 2026-06-12 22:06:17,426 [WARNING] strategy.weather_arb: [MAKER-FILL] registered Lucknow YES 112440735436 +8.0 @ 0.3400 (cond=0x389ce287)
Jun 12 22:10:49 vps python3[946477]: 2026-06-12 22:10:49,640 [INFO] strategy.weather_arb: [STRUCT-BAND-Q] queue=233 posted=0 cash_preskip=188 books=0/80 yes_books=0/50 no_cands=117 pair_cands=15 yes_resv_skip=0 yes_cap=0.37
Jun 12 22:13:20 vps python3[946477]: 2026-06-12 22:13:20,901 [WARNING] strategy.weather_arb: [MAKER-FILL] +5.6 maker sh @ 0.1100 → Helsinki YES 109622970066 now shares=15.6 entry=0.1100
Jun 12 22:13:59 vps python3[946477]: 2026-06-12 22:13:59,159 [WARNING] strategy.weather_arb: [MAKER-FILL] +3.2 maker sh @ 0.6500 → Jeddah NO 863519172506 now shares=7.0 entry=0.6500
Jun 12 22:16:11 vps python3[946477]: 2026-06-12 22:16:11,102 [INFO] strategy.weather_arb: [STRUCT-BAND-Q] queue=233 posted=0 cash_preskip=188 books=0/80 yes_books=0/50 no_cands=117 pair_cands=15 yes_resv_skip=0 yes_cap=0.48
Jun 12 22:17:45 vps python3[946477]: 2026-06-12 22:17:45,756 [WARNING] strategy.weather_arb: [MAKER-FILL] registered Munich YES 878562636839 +8.8 @ 0.2400 (cond=0xa02c9d62)
Jun 12 22:21:12 vps python3[946477]: 2026-06-12 22:21:12,801 [INFO] strategy.weather_arb: [STRUCT-BAND-Q] queue=235 posted=0 cash_preskip=191 books=0/80 yes_books=0/50 no_cands=116 pair_cands=15 yes_resv_skip=0 yes_cap=0.58
Jun 12 22:26:27 vps python3[946477]: 2026-06-12 22:26:27,626 [INFO] strategy.weather_arb: [STRUCT-BAND-Q] queue=238 posted=0 cash_preskip=194 books=0/80 yes_books=0/50 no_cands=116 pair_cands=16 yes_resv_skip=0 yes_cap=0.58
Jun 12 22:31:34 vps python3[946477]: 2026-06-12 22:31:34,077 [INFO] strategy.weather_arb: [STRUCT-BAND-Q] queue=225 posted=0 cash_preskip=181 books=0/80 yes_books=0/50 no_cands=111 pair_cands=15 yes_resv_skip=0 yes_cap=0.58
Jun 12 22:36:44 vps python3[946477]: 2026-06-12 22:36:44,140 [INFO] strategy.weather_arb: [STRUCT-BAND-Q] queue=220 posted=0 cash_preskip=178 books=0/80 yes_books=0/50 no_cands=110 pair_cands=14 yes_resv_skip=0 yes_cap=0.58
Jun 12 22:41:51 vps python3[946477]: 2026-06-12 22:41:51,737 [INFO] strategy.weather_arb: [STRUCT-BAND-Q] queue=218 posted=0 cash_preskip=176 books=0/80 yes_books=0/50 no_cands=112 pair_cands=14 yes_resv_skip=0 yes_cap=0.58
Jun 12 22:45:11 vps python3[946477]: 2026-06-12 22:45:11,306 [WARNING] strategy.weather_arb: [MAKER-FILL] registered Munich YES 279341289767 +5.0 @ 0.3700 (cond=0x8800f20d)
Jun 12 22:45:26 vps python3[946477]: 2026-06-12 22:45:26,809 [WARNING] strategy.weather_arb: [MAKER-FILL] +4.0 maker sh @ 0.3700 → Munich YES 279341289767 now shares=9.0 entry=0.3700
Jun 12 22:45:26 vps python3[946477]: 2026-06-12 22:45:26,899 [WARNING] strategy.weather_arb: [USER-WS] UNTRACKED FILL: token=4317581839589416 side=BUY price=0.63 size=4 status=MINED trader_side=MAKER — no tracker entry, no open position
Jun 12 22:45:32 vps python3[946477]: 2026-06-12 22:45:32,649 [WARNING] strategy.weather_arb: [USER-WS] UNTRACKED FILL: token=4317581839589416 side=BUY price=0.63 size=4 status=CONFIRMED trader_side=MAKER — no tracker entry, no open position
Jun 12 22:47:00 vps python3[946477]: 2026-06-12 22:47:00,528 [INFO] strategy.weather_arb: [STRUCT-BAND-Q] queue=219 posted=0 cash_preskip=177 books=0/80 yes_books=0/50 no_cands=113 pair_cands=14 yes_resv_skip=0 yes_cap=0.58
Jun 12 22:52:06 vps python3[946477]: 2026-06-12 22:52:06,777 [INFO] strategy.weather_arb: [STRUCT-BAND-Q] queue=223 posted=0 cash_preskip=181 books=0/80 yes_books=0/50 no_cands=113 pair_cands=15 yes_resv_skip=0 yes_cap=0.58
Jun 12 22:57:15 vps python3[946477]: 2026-06-12 22:57:15,700 [INFO] strategy.weather_arb: [STRUCT-BAND-Q] queue=226 posted=0 cash_preskip=183 books=0/80 yes_books=0/50 no_cands=113 pair_cands=16 yes_resv_skip=0 yes_cap=0.58
Jun 12 23:02:32 vps python3[946477]: 2026-06-12 23:02:32,479 [INFO] strategy.weather_arb: [STRUCT-BAND-Q] queue=227 posted=0 cash_preskip=181 books=0/80 yes_books=0/50 no_cands=113 pair_cands=15 yes_resv_skip=0 yes_cap=0.58
Jun 12 23:07:36 vps python3[946477]: 2026-06-12 23:07:36,300 [INFO] strategy.weather_arb: [STRUCT-BAND-Q] queue=227 posted=0 cash_preskip=181 books=0/80 yes_books=0/50 no_cands=113 pair_cands=15 yes_resv_skip=0 yes_cap=0.58
Jun 12 23:12:42 vps python3[946477]: 2026-06-12 23:12:42,069 [INFO] strategy.weather_arb: [STRUCT-BAND-Q] queue=228 posted=0 cash_preskip=121 books=0/80 yes_books=0/50 no_cands=112 pair_cands=13 yes_resv_skip=60 yes_cap=2.08
Jun 12 23:17:49 vps python3[946477]: 2026-06-12 23:17:49,232 [INFO] strategy.weather_arb: [STRUCT-BAND-Q] queue=233 posted=0 cash_preskip=120 books=0/80 yes_books=0/50 no_cands=111 pair_cands=13 yes_resv_skip=66 yes_cap=2.08
Jun 12 23:22:55 vps python3[946477]: 2026-06-12 23:22:55,421 [INFO] strategy.weather_arb: [STRUCT-BAND-Q] queue=228 posted=0 cash_preskip=121 books=0/80 yes_books=0/50 no_cands=113 pair_cands=12 yes_resv_skip=63 yes_cap=2.08
Jun 12 23:28:00 vps python3[946477]: 2026-06-12 23:28:00,946 [INFO] strategy.weather_arb: [STRUCT-BAND-Q] queue=232 posted=0 cash_preskip=122 books=0/80 yes_books=0/50 no_cands=114 pair_cands=12 yes_resv_skip=63 yes_cap=2.08
Jun 12 23:33:07 vps python3[946477]: 2026-06-12 23:33:07,963 [INFO] strategy.weather_arb: [STRUCT-BAND-Q] queue=229 posted=0 cash_preskip=122 books=0/80 yes_books=0/50 no_cands=114 pair_cands=12 yes_resv_skip=60 yes_cap=2.08
Jun 12 23:38:23 vps python3[946477]: 2026-06-12 23:38:23,160 [INFO] strategy.weather_arb: [STRUCT-BAND-Q] queue=225 posted=0 cash_preskip=120 books=0/80 yes_books=0/50 no_cands=114 pair_cands=10 yes_resv_skip=59 yes_cap=2.08
Jun 12 23:43:41 vps python3[946477]: 2026-06-12 23:43:41,957 [INFO] strategy.weather_arb: [STRUCT-BAND-Q] queue=222 posted=2 cash_preskip=137 books=2/80 yes_books=1/50 no_cands=114 pair_cands=10 yes_resv_skip=40 yes_cap=4.18
Jun 12 23:48:52 vps python3[946477]: 2026-06-12 23:48:52,988 [INFO] strategy.weather_arb: [STRUCT-BAND-Q] queue=223 posted=0 cash_preskip=177 books=0/80 yes_books=0/50 no_cands=115 pair_cands=10 yes_resv_skip=0 yes_cap=0.43
Jun 12 23:50:27 vps python3[946477]: 2026-06-12 23:50:27,148 [WARNING] strategy.weather_arb: [MAKER-FILL] +1.2 maker sh @ 0.2000 → Taipei YES 250872937538 now shares=3.8 entry=0.2000
Jun 12 23:50:27 vps python3[946477]: 2026-06-12 23:50:27,848 [WARNING] strategy.weather_arb: [MAKER-FILL] registered Helsinki YES 829229185482 +7.1 @ 0.3200 (cond=0x3b2af16c)
Jun 12 23:53:59 vps python3[946477]: 2026-06-12 23:53:59,078 [INFO] strategy.weather_arb: [STRUCT-BAND-Q] queue=221 posted=0 cash_preskip=177 books=0/80 yes_books=0/50 no_cands=116 pair_cands=11 yes_resv_skip=0 yes_cap=0.56
Jun 12 23:59:03 vps python3[946477]: 2026-06-12 23:59:03,310 [INFO] strategy.weather_arb: [STRUCT-BAND-Q] queue=221 posted=0 cash_preskip=177 books=0/80 yes_books=0/50 no_cands=116 pair_cands=11 yes_resv_skip=0 yes_cap=0.56
Jun 13 00:01:44 vps python3[946477]: 2026-06-13 00:01:44,483 [WARNING] strategy.weather_arb: [MAKER-FILL] registered London YES 998023675176 +8.0 @ 0.4100 (cond=0xaf6e1339)
Jun 13 00:01:44 vps python3[946477]: 2026-06-13 00:01:44,531 [WARNING] strategy.weather_arb: [USER-WS] UNTRACKED FILL: token=7621604848253599 side=BUY price=0.59 size=8 status=MINED trader_side=MAKER — no tracker entry, no open position
Jun 13 00:01:51 vps python3[946477]: 2026-06-13 00:01:51,412 [WARNING] strategy.weather_arb: [USER-WS] UNTRACKED FILL: token=7621604848253599 side=BUY price=0.59 size=8 status=CONFIRMED trader_side=MAKER — no tracker entry, no open position
Jun 13 00:04:16 vps python3[946477]: 2026-06-13 00:04:16,715 [INFO] strategy.weather_arb: [STRUCT-BAND-Q] queue=224 posted=0 cash_preskip=122 books=0/80 yes_books=0/50 no_cands=116 pair_cands=10 yes_resv_skip=59 yes_cap=2.08
Jun 13 00:04:46 vps python3[946477]: 2026-06-13 00:04:46,045 [WARNING] strategy.weather_arb: [MAKER-FILL] registered Sao Paulo NO 515916138359 +6.0 @ 0.6200 (cond=0xef08098a)
Jun 13 00:08:31 vps python3[946477]: 2026-06-13 00:08:31,685 [WARNING] strategy.weather_arb: [MAKER-FILL] registered Shenzhen NO 555356932184 +0.3 @ 0.6400 (cond=0x39d81b22)
Jun 13 00:09:40 vps python3[946477]: 2026-06-13 00:09:40,180 [INFO] strategy.weather_arb: [STRUCT-BAND-Q] queue=226 posted=1 cash_preskip=156 books=1/80 yes_books=1/50 no_cands=118 pair_cands=10 yes_resv_skip=26 yes_cap=2.28
Jun 13 00:14:45 vps python3[946477]: 2026-06-13 00:14:45,794 [INFO] strategy.weather_arb: [STRUCT-BAND-Q] queue=227 posted=1 cash_preskip=157 books=1/80 yes_books=1/50 no_cands=118 pair_cands=11 yes_resv_skip=26 yes_cap=2.28
Jun 13 00:19:52 vps python3[946477]: 2026-06-13 00:19:52,037 [INFO] strategy.weather_arb: [STRUCT-BAND-Q] queue=219 posted=1 cash_preskip=152 books=1/80 yes_books=1/50 no_cands=115 pair_cands=9 yes_resv_skip=24 yes_cap=2.28
Jun 13 00:22:02 vps python3[946477]: 2026-06-13 00:22:02,803 [WARNING] strategy.weather_arb: [MAKER-FILL] +4.4 maker sh @ 0.1100 → Helsinki YES 109622970066 now shares=20.0 entry=0.1100
Jun 13 00:22:03 vps python3[946477]: 2026-06-13 00:22:03,475 [WARNING] strategy.weather_arb: [USER-WS] UNTRACKED FILL: token=1101224940160154 side=BUY price=0.89 size=22 status=MINED trader_side=MAKER — no tracker entry, no open position
Jun 13 00:22:08 vps python3[946477]: 2026-06-13 00:22:08,022 [WARNING] strategy.weather_arb: [USER-WS] UNTRACKED FILL: token=1101224940160154 side=BUY price=0.89 size=22 status=CONFIRMED trader_side=MAKER — no tracker entry, no open position
Jun 13 00:23:50 vps python3[946477]: 2026-06-13 00:23:50,853 [WARNING] strategy.weather_arb: [MAKER-FILL] +7.2 maker sh @ 0.2000 → Denver YES 669024388515 now shares=15.0 entry=0.2000
Jun 13 00:23:52 vps python3[946477]: 2026-06-13 00:23:52,554 [WARNING] strategy.weather_arb: [USER-WS] UNTRACKED FILL: token=9626862029708928 side=BUY price=0.76 size=135.67 status=MINED trader_side=MAKER — no tracker entry, no open position
Jun 13 00:23:59 vps python3[946477]: 2026-06-13 00:23:59,904 [WARNING] strategy.weather_arb: [USER-WS] UNTRACKED FILL: token=9626862029708928 side=BUY price=0.76 size=135.67 status=CONFIRMED trader_side=MAKER — no tracker entry, no open position
Jun 13 00:24:57 vps python3[946477]: 2026-06-13 00:24:57,948 [INFO] strategy.weather_arb: [STRUCT-BAND-Q] queue=225 posted=0 cash_preskip=152 books=0/80 yes_books=0/50 no_cands=112 pair_cands=10 yes_resv_skip=28 yes_cap=1.28
Jun 13 00:25:36 vps python3[946477]: 2026-06-13 00:25:36,104 [WARNING] strategy.weather_arb: [MAKER-FILL] +1.5 maker sh @ 0.6200 → Sao Paulo NO 515916138359 now shares=7.5 entry=0.6200
Jun 13 00:25:36 vps python3[946477]: 2026-06-13 00:25:36,280 [WARNING] strategy.weather_arb: [USER-WS] UNTRACKED FILL: token=6329313654177915 side=BUY price=0.38 size=10 status=MINED trader_side=MAKER — no tracker entry, no open position
Jun 13 00:25:41 vps python3[946477]: 2026-06-13 00:25:41,443 [WARNING] strategy.weather_arb: [USER-WS] UNTRACKED FILL: token=6329313654177915 side=BUY price=0.38 size=10 status=CONFIRMED trader_side=MAKER — no tracker entry, no open position
